pc,outlier_frac,algo,chamfer,cd_coverage,cd_accuracy,hausdorff,k,n_covered,n_evals,n_candidates
bird,0.0,gair-ransac,0.085508,0.051658,0.03385,0.262323,1,774,20,20
bird,0.0,gc-ransac,0.084321,0.047636,0.036685,0.23463,1,742,9,9
bird,0.0,lo-ransac,0.081545,0.047882,0.033663,0.229655,1,767,22,22
bird,0.0,vanilla,0.080139,0.046458,0.033681,0.227562,1,745,24,24
bird,0.05,gair-ransac,0.085369,0.051387,0.033981,0.258225,1,784,19,19
bird,0.05,gc-ransac,0.081703,0.048873,0.032831,0.264902,1,748,8,8
bird,0.05,lo-ransac,0.082166,0.045834,0.036332,0.234315,1,790,23,23
bird,0.05,vanilla,0.089288,0.045841,0.043447,0.248247,1,737,25,25
bird,0.1,gair-ransac,0.0847,0.04962,0.035079,0.245632,1,767,17,17
bird,0.1,gc-ransac,0.080373,0.046901,0.033472,0.232369,1,755,9,9
bird,0.1,lo-ransac,0.087896,0.053434,0.034462,0.283996,1,764,26,26
bird,0.1,vanilla,0.147738,0.050908,0.09683,0.478989,1,660,25,25
bird,0.15,gair-ransac,0.082975,0.049107,0.033868,0.24155,1,776,19,19
bird,0.15,gc-ransac,0.092623,0.046878,0.045745,0.255101,1,723,8,8
bird,0.15,lo-ransac,0.082666,0.047759,0.034908,0.233685,1,770,28,28
bird,0.15,vanilla,0.172652,0.053326,0.119326,0.456622,1,634,32,32
bird,0.2,gair-ransac,0.08212,0.048262,0.033858,0.23553,1,774,19,19
bird,0.2,gc-ransac,0.083795,0.048515,0.03528,0.245437,1,734,7,7
bird,0.2,lo-ransac,0.081047,0.049875,0.031172,0.242011,1,715,30,30
bird,0.2,vanilla,0.082482,0.052184,0.030298,0.232863,1,696,30,30
bird,0.25,gair-ransac,0.099956,0.064338,0.035618,0.354219,1,769,20,20
bird,0.25,gc-ransac,0.085876,0.051682,0.034194,0.250429,1,749,5,5
bird,0.25,lo-ransac,0.129081,0.047894,0.081187,0.433243,1,713,33,33
bird,0.25,vanilla,0.100221,0.057318,0.042903,0.272827,1,666,32,32
bird,0.3,gair-ransac,0.082875,0.050232,0.032643,0.252684,1,780,18,18
bird,0.3,gc-ransac,0.105267,0.049847,0.05542,0.293597,1,698,6,6
bird,0.3,lo-ransac,0.143613,0.049162,0.094451,0.473048,1,696,35,35
bird,0.3,vanilla,0.174348,0.055637,0.118711,0.445028,1,639,34,34
bird,0.35,gair-ransac,0.086079,0.052246,0.033833,0.269292,1,762,20,20
bird,0.35,gc-ransac,0.149004,0.049104,0.0999,0.498093,1,683,6,6
bird,0.35,lo-ransac,0.089412,0.05151,0.037902,0.260151,1,704,37,37
bird,0.35,vanilla,0.084149,0.046128,0.038021,0.244934,1,732,37,37
bird,0.4,gair-ransac,0.091254,0.057689,0.033565,0.301089,1,753,19,19
bird,0.4,gc-ransac,0.081793,0.046472,0.035321,0.240882,1,731,6,6
bird,0.4,lo-ransac,0.12689,0.049299,0.07759,0.398036,1,705,37,37
bird,0.4,vanilla,0.178682,0.058778,0.119904,0.413706,1,598,41,41
cartoon_character,0.0,gair-ransac,0.127315,0.107448,0.019868,0.421656,1,3581,29,29
cartoon_character,0.0,gc-ransac,0.071977,0.033886,0.038091,0.257883,1,4379,14,14
cartoon_character,0.0,lo-ransac,0.067722,0.034081,0.033641,0.215704,1,4389,32,32
cartoon_character,0.0,vanilla,0.070536,0.033429,0.037107,0.278991,1,4289,31,31
cartoon_character,0.05,gair-ransac,0.125546,0.102881,0.022665,0.406354,1,3567,27,27
cartoon_character,0.05,gc-ransac,0.065523,0.032794,0.032729,0.220061,1,4393,9,9
cartoon_character,0.05,lo-ransac,0.07344,0.035851,0.037588,0.186317,1,4205,39,39
cartoon_character,0.05,vanilla,0.065547,0.03434,0.031207,0.220734,1,4319,42,42
cartoon_character,0.1,gair-ransac,0.163454,0.102427,0.061027,0.406062,1,3649,26,26
cartoon_character,0.1,gc-ransac,0.069461,0.034447,0.035014,0.19298,1,4254,10,10
cartoon_character,0.1,lo-ransac,0.077927,0.034918,0.043008,0.273917,1,4354,45,45
cartoon_character,0.1,vanilla,0.070443,0.033573,0.03687,0.249275,1,4407,49,49
cartoon_character,0.15,gair-ransac,0.06736,0.034144,0.033215,0.223251,1,4360,28,28
cartoon_character,0.15,gc-ransac,0.065264,0.032625,0.032639,0.219496,1,4214,8,8
cartoon_character,0.15,lo-ransac,0.066344,0.035365,0.030979,0.222864,1,4321,49,49
cartoon_character,0.15,vanilla,0.067563,0.034717,0.032846,0.192746,1,3996,50,50
cartoon_character,0.2,gair-ransac,0.06838,0.034998,0.033382,0.221607,1,4188,27,27
cartoon_character,0.2,gc-ransac,0.071165,0.033607,0.037559,0.249542,1,4311,10,10
cartoon_character,0.2,lo-ransac,0.072042,0.034112,0.03793,0.266382,1,4274,50,50
cartoon_character,0.2,vanilla,0.068914,0.034884,0.03403,0.212682,1,4085,50,50
cartoon_character,0.25,gair-ransac,0.073058,0.039682,0.033376,0.216114,1,3690,28,28
cartoon_character,0.25,gc-ransac,0.07067,0.036438,0.034232,0.230234,1,4194,15,15
cartoon_character,0.25,lo-ransac,0.064015,0.03429,0.029724,0.213718,1,4346,50,50
cartoon_character,0.25,vanilla,0.083619,0.033929,0.04969,0.256768,1,3907,50,50
cartoon_character,0.3,gair-ransac,0.083706,0.044151,0.039555,0.303128,1,3903,29,29
cartoon_character,0.3,gc-ransac,0.070809,0.033906,0.036903,0.258909,1,4224,14,14
cartoon_character,0.3,lo-ransac,0.071803,0.036208,0.035595,0.242245,1,4149,50,50
cartoon_character,0.3,vanilla,0.068181,0.036266,0.031915,0.207655,1,4129,50,50
cartoon_character,0.35,gair-ransac,0.068048,0.03561,0.032438,0.221207,1,4272,30,30
cartoon_character,0.35,gc-ransac,0.121554,0.041346,0.080208,0.287756,1,4105,17,17
cartoon_character,0.35,lo-ransac,0.087513,0.038726,0.048787,0.201659,1,4025,50,50
cartoon_character,0.35,vanilla,0.108298,0.047335,0.060963,0.224125,1,3877,50,50
cartoon_character,0.4,gair-ransac,0.113667,0.091467,0.0222,0.374478,1,3622,30,30
cartoon_character,0.4,gc-ransac,0.081082,0.034942,0.04614,0.236488,1,4242,18,18
cartoon_character,0.4,lo-ransac,0.143144,0.042522,0.100623,0.343918,1,4084,50,50
cartoon_character,0.4,vanilla,0.126123,0.041178,0.084945,0.285843,1,4077,50,50
cat1_0_0,0.0,gair-ransac,0.124629,0.096498,0.028131,0.367973,1,340,15,15
cat1_0_0,0.0,lo-ransac,0.123424,0.095184,0.028241,0.365387,1,343,18,18
cat1_0_0,0.0,vanilla,0.121678,0.092719,0.028959,0.354336,1,341,19,19
cat1_0_0,0.05,gair-ransac,0.12467,0.096437,0.028233,0.368786,1,340,13,13
cat1_0_0,0.05,lo-ransac,0.11879,0.052742,0.066048,0.252286,1,345,19,19
cat1_0_0,0.05,vanilla,0.121506,0.052593,0.068913,0.246852,1,347,20,20
cat1_0_0,0.1,gair-ransac,0.126992,0.097409,0.029583,0.369367,1,341,15,15
cat1_0_0,0.1,lo-ransac,0.115031,0.051096,0.063935,0.248866,1,342,19,19
cat1_0_0,0.1,vanilla,0.109127,0.05083,0.058297,0.245691,1,325,21,21
cat1_0_0,0.15,gair-ransac,0.124441,0.096395,0.028046,0.367881,1,340,15,15
cat1_0_0,0.15,gc-ransac,0.11789,0.088348,0.029542,0.335501,1,330,2,2
cat1_0_0,0.15,lo-ransac,0.120212,0.052444,0.067768,0.249751,1,347,21,21
cat1_0_0,0.15,vanilla,0.114546,0.049891,0.064655,0.237783,1,327,21,21
cat1_0_0,0.2,gair-ransac,0.125058,0.096008,0.02905,0.365013,1,341,15,15
cat1_0_0,0.2,lo-ransac,0.117468,0.052624,0.064844,0.25701,1,347,21,21
cat1_0_0,0.2,vanilla,0.110958,0.04898,0.061978,0.229829,1,311,21,21
cat1_0_0,0.25,gair-ransac,0.12697,0.098109,0.028861,0.373748,1,343,15,15
cat1_0_0,0.25,lo-ransac,0.108907,0.048098,0.060809,0.232339,1,333,24,24
cat1_0_0,0.25,vanilla,0.134526,0.054868,0.079657,0.289424,1,326,25,25
cat1_0_0,0.3,gair-ransac,0.12683,0.098198,0.028632,0.373222,1,343,15,15
cat1_0_0,0.3,gc-ransac,0.124044,0.096047,0.027997,0.367824,1,343,2,2
cat1_0_0,0.3,lo-ransac,0.109552,0.049108,0.060445,0.243618,1,346,24,24
cat1_0_0,0.3,vanilla,0.118331,0.0488,0.06953,0.26813,1,316,27,27
cat1_0_0,0.35,gair-ransac,0.126381,0.09744,0.028941,0.37076,1,342,15,15
cat1_0_0,0.35,lo-ransac,0.108995,0.053075,0.055921,0.247435,1,307,25,25
cat1_0_0,0.35,vanilla,0.11344,0.050271,0.063169,0.245747,1,331,27,27
cat1_0_0,0.4,gair-ransac,0.124505,0.096684,0.02782,0.368339,1,341,15,15
cat1_0_0,0.4,lo-ransac,0.125671,0.055365,0.070306,0.266129,1,337,27,27
cat1_0_0,0.4,vanilla,0.123229,0.053049,0.070181,0.248545,1,337,27,27
cat2_0_0,0.0,gair-ransac,0.169746,0.149836,0.01991,0.638159,1,255,16,16
cat2_0_0,0.0,lo-ransac,0.191905,0.057637,0.134268,0.579814,1,263,18,18
cat2_0_0,0.0,vanilla,0.182926,0.055149,0.127777,0.514346,1,248,21,21
cat2_0_0,0.05,gair-ransac,0.152152,0.121584,0.030568,0.554947,1,261,16,16
cat2_0_0,0.05,lo-ransac,0.193816,0.059261,0.134556,0.596939,1,243,20,20
cat2_0_0,0.05,vanilla,0.208652,0.053047,0.155604,0.609508,1,240,20,20
cat2_0_0,0.1,gair-ransac,0.155369,0.115712,0.039657,0.504383,1,257,17,17
cat2_0_0,0.1,lo-ransac,0.188385,0.056065,0.13232,0.581053,1,251,19,19
cat2_0_0,0.1,vanilla,0.18443,0.056102,0.128328,0.458237,1,230,21,21
cat2_0_0,0.15,gair-ransac,0.166958,0.147561,0.019397,0.627263,1,252,17,17
cat2_0_0,0.15,lo-ransac,0.208666,0.056889,0.151777,0.591587,1,254,20,20
cat2_0_0,0.15,vanilla,0.168164,0.063299,0.104865,0.424539,1,232,24,24
cat2_0_0,0.2,gair-ransac,0.166555,0.146596,0.019959,0.630521,1,253,15,15
cat2_0_0,0.2,lo-ransac,0.228032,0.051762,0.17627,0.643593,1,247,22,22
cat2_0_0,0.2,vanilla,0.222801,0.054545,0.168256,0.603245,1,229,25,25
cat2_0_0,0.25,gair-ransac,0.168202,0.148423,0.019779,0.627345,1,254,11,11
cat2_0_0,0.25,lo-ransac,0.155273,0.062036,0.093238,0.329679,1,241,24,24
cat2_0_0,0.25,vanilla,0.161977,0.06687,0.095107,0.381399,1,242,25,25
cat2_0_0,0.3,gair-ransac,0.168263,0.14903,0.019233,0.631416,1,251,12,12
cat2_0_0,0.3,lo-ransac,0.214184,0.052817,0.161367,0.628616,1,251,26,26
cat2_0_0,0.3,vanilla,0.213107,0.045762,0.167345,0.668941,1,226,26,26
cat2_0_0,0.35,gair-ransac,0.168224,0.149105,0.019119,0.634168,1,252,6,6
cat2_0_0,0.35,lo-ransac,0.180253,0.068874,0.111378,0.413811,1,232,27,27
cat2_0_0,0.35,vanilla,0.203964,0.070038,0.133926,0.415434,1,218,30,30
cat2_0_0,0.4,gair-ransac,0.16145,0.126799,0.034651,0.610303,1,255,9,9
cat2_0_0,0.4,lo-ransac,0.210536,0.057937,0.152599,0.557824,1,245,29,29
cat2_0_0,0.4,vanilla,0.224441,0.068303,0.156139,0.391258,1,219,28,28
hammer,0.0,gair-ransac,0.199557,0.183794,0.015763,0.838429,1,874,12,12
hammer,0.0,gc-ransac,0.205503,0.17946,0.026043,0.830309,1,889,10,10
hammer,0.0,lo-ransac,0.129631,0.020756,0.108875,0.263844,1,1003,15,15
hammer,0.0,vanilla,0.140375,0.020996,0.119379,0.311425,1,988,16,16
hammer,0.05,gair-ransac,0.19951,0.183875,0.015635,0.838744,1,874,12,12
hammer,0.05,gc-ransac,0.207136,0.18195,0.025186,0.841689,1,888,7,7
hammer,0.05,lo-ransac,0.114108,0.017787,0.096322,0.294848,1,994,16,16
hammer,0.05,vanilla,0.106168,0.017316,0.088852,0.225127,1,974,19,19
hammer,0.1,gair-ransac,0.199458,0.183772,0.015686,0.838581,1,874,9,9
hammer,0.1,gc-ransac,0.205316,0.180267,0.025049,0.82777,1,894,9,9
hammer,0.1,lo-ransac,0.116864,0.018761,0.098103,0.266898,1,1024,19,19
hammer,0.1,vanilla,0.136779,0.019107,0.117671,0.330317,1,1068,19,19
hammer,0.15,gair-ransac,0.19953,0.183847,0.015683,0.838476,1,874,13,13
hammer,0.15,gc-ransac,0.129768,0.01782,0.111949,0.356947,1,974,3,3
hammer,0.15,lo-ransac,0.106701,0.01778,0.088921,0.215637,1,992,20,20
hammer,0.15,vanilla,0.11022,0.018244,0.091977,0.237533,1,972,20,20
hammer,0.2,gair-ransac,0.199229,0.183776,0.015452,0.838411,1,874,13,13
hammer,0.2,gc-ransac,0.10166,0.017431,0.084229,0.259223,1,997,6,6
hammer,0.2,lo-ransac,0.134638,0.022229,0.11241,0.265307,1,983,20,20
hammer,0.2,vanilla,0.100746,0.018063,0.082683,0.207184,1,1004,20,20
hammer,0.25,gair-ransac,0.19962,0.185363,0.014257,0.84227,1,874,9,9
hammer,0.25,gc-ransac,0.11931,0.018569,0.100741,0.298322,1,1024,4,4
hammer,0.25,lo-ransac,0.124453,0.01833,0.106124,0.283784,1,1021,21,21
hammer,0.25,vanilla,0.122885,0.01907,0.103815,0.312278,1,978,21,21
hammer,0.3,gair-ransac,0.199607,0.185338,0.014269,0.842281,1,874,17,17
hammer,0.3,gc-ransac,0.110171,0.017721,0.09245,0.226157,1,1013,5,5
hammer,0.3,lo-ransac,0.098937,0.017869,0.081068,0.20699,1,978,20,20
hammer,0.3,vanilla,0.154294,0.020989,0.133305,0.333558,1,1009,21,21
hammer,0.35,gair-ransac,0.198904,0.184144,0.014761,0.839318,1,874,15,15
hammer,0.35,gc-ransac,0.101905,0.018042,0.083863,0.212513,1,1020,6,6
hammer,0.35,lo-ransac,0.109058,0.018178,0.090881,0.243113,1,1036,23,23
hammer,0.35,vanilla,0.128358,0.021484,0.106874,0.256484,1,971,23,23
hammer,0.4,gair-ransac,0.199119,0.184067,0.015052,0.839085,1,874,17,17
hammer,0.4,gc-ransac,0.108874,0.019678,0.089196,0.226956,1,994,8,8
hammer,0.4,lo-ransac,0.104812,0.017888,0.086923,0.255715,1,988,24,24
hammer,0.4,vanilla,0.130395,0.019203,0.111192,0.285059,1,1015,23,23
normalsmushroom,0.0,gair-ransac,0.191328,0.158378,0.03295,0.629155,1,3513,17,17
normalsmushroom,0.0,gc-ransac,0.106645,0.062593,0.044052,0.234811,1,3791,12,12
normalsmushroom,0.0,lo-ransac,0.091326,0.052846,0.03848,0.195569,1,3545,27,27
normalsmushroom,0.0,vanilla,0.152928,0.122874,0.030055,0.429305,1,3522,31,31
normalsmushroom,0.05,gair-ransac,0.189318,0.158543,0.030775,0.631655,1,3414,15,15
normalsmushroom,0.05,gc-ransac,0.120533,0.067449,0.053084,0.251117,1,3530,11,11
normalsmushroom,0.05,lo-ransac,0.122781,0.074566,0.048215,0.260622,1,3870,35,35
normalsmushroom,0.05,vanilla,0.113201,0.065441,0.047761,0.248833,1,3273,36,36
normalsmushroom,0.1,gair-ransac,0.192666,0.159358,0.033308,0.632073,1,3469,15,15
normalsmushroom,0.1,gc-ransac,0.109572,0.063183,0.046389,0.242275,1,3741,10,10
normalsmushroom,0.1,lo-ransac,0.114681,0.066894,0.047787,0.251924,1,3588,43,43
normalsmushroom,0.1,vanilla,0.120249,0.071773,0.048476,0.247892,1,3712,47,47
normalsmushroom,0.15,gair-ransac,0.195203,0.159927,0.035276,0.632379,1,3457,13,13
normalsmushroom,0.15,gc-ransac,0.111827,0.064174,0.047653,0.240439,1,3670,13,13
normalsmushroom,0.15,lo-ransac,0.115824,0.066968,0.048856,0.252784,1,3972,48,48
normalsmushroom,0.15,vanilla,0.115948,0.068763,0.047185,0.247663,1,3469,50,50
normalsmushroom,0.2,gair-ransac,0.19263,0.159206,0.033424,0.632247,1,3481,13,13
normalsmushroom,0.2,gc-ransac,0.104051,0.059773,0.044278,0.228255,1,3382,13,13
normalsmushroom,0.2,lo-ransac,0.118137,0.068319,0.049818,0.251875,1,3779,50,50
normalsmushroom,0.2,vanilla,0.111813,0.063355,0.048459,0.23637,1,3330,50,50
normalsmushroom,0.25,gair-ransac,0.192887,0.159488,0.033399,0.63235,1,3466,13,13
normalsmushroom,0.25,gc-ransac,0.118699,0.068168,0.050532,0.255782,1,3875,15,15
normalsmushroom,0.25,lo-ransac,0.11374,0.066004,0.047736,0.24854,1,3957,50,50
normalsmushroom,0.25,vanilla,0.108107,0.062221,0.045886,0.237824,1,3803,50,50
normalsmushroom,0.3,gair-ransac,0.191411,0.159248,0.032163,0.632155,1,3485,15,15
normalsmushroom,0.3,gc-ransac,0.120543,0.069009,0.051535,0.255652,1,3677,15,15
normalsmushroom,0.3,lo-ransac,0.122032,0.073846,0.048187,0.262154,1,3845,50,50
normalsmushroom,0.3,vanilla,0.094539,0.054633,0.039906,0.199215,1,3319,50,50
normalsmushroom,0.35,gair-ransac,0.194579,0.159972,0.034607,0.632341,1,3461,16,16
normalsmushroom,0.35,gc-ransac,0.10801,0.061769,0.046241,0.234917,1,3716,16,16
normalsmushroom,0.35,lo-ransac,0.112349,0.065638,0.046711,0.242217,1,3809,50,50
normalsmushroom,0.35,vanilla,0.100122,0.058134,0.041988,0.226311,1,3344,50,50
normalsmushroom,0.4,gair-ransac,0.193513,0.159578,0.033935,0.632176,1,3456,16,16
normalsmushroom,0.4,gc-ransac,0.110415,0.064744,0.045671,0.242764,1,3867,18,18
normalsmushroom,0.4,lo-ransac,0.117126,0.067511,0.049615,0.242243,1,3488,50,50
normalsmushroom,0.4,vanilla,0.094632,0.05455,0.040082,0.196434,1,3286,50,50
peanuts_0_0,0.0,gair-ransac,0.152596,0.113952,0.038644,0.405325,1,214,10,10
peanuts_0_0,0.0,gc-ransac,0.053787,0.019237,0.03455,0.104949,1,367,5,5
peanuts_0_0,0.0,lo-ransac,0.052861,0.018645,0.034216,0.104318,1,366,9,9
peanuts_0_0,0.0,vanilla,0.05343,0.018882,0.034549,0.10368,1,363,9,9
peanuts_0_0,0.05,gair-ransac,0.05308,0.018694,0.034386,0.103512,1,376,8,8
peanuts_0_0,0.05,gc-ransac,0.052586,0.01846,0.034126,0.106055,1,368,5,5
peanuts_0_0,0.05,lo-ransac,0.051776,0.018114,0.033662,0.105392,1,372,10,10
peanuts_0_0,0.05,vanilla,0.052378,0.018348,0.034029,0.10362,1,367,10,10
peanuts_0_0,0.1,gair-ransac,0.052868,0.018682,0.034186,0.102093,1,367,6,6
peanuts_0_0,0.1,gc-ransac,0.053523,0.018962,0.034562,0.105736,1,371,5,5
peanuts_0_0,0.1,lo-ransac,0.054343,0.019406,0.034937,0.103739,1,369,10,10
peanuts_0_0,0.1,vanilla,0.052486,0.018337,0.034149,0.104531,1,367,10,10
peanuts_0_0,0.15,gair-ransac,0.053025,0.018711,0.034314,0.104979,1,371,6,6
peanuts_0_0,0.15,gc-ransac,0.053469,0.018856,0.034612,0.105998,1,365,5,5
peanuts_0_0,0.15,lo-ransac,0.053342,0.018743,0.034599,0.104437,1,367,10,10
peanuts_0_0,0.15,vanilla,0.05258,0.018628,0.033951,0.104491,1,365,10,10
peanuts_0_0,0.2,gair-ransac,0.052012,0.018037,0.033975,0.100946,1,371,5,5
peanuts_0_0,0.2,gc-ransac,0.05248,0.018363,0.034117,0.101952,1,368,5,5
peanuts_0_0,0.2,lo-ransac,0.053204,0.018888,0.034316,0.105271,1,365,10,10
peanuts_0_0,0.2,vanilla,0.05321,0.018804,0.034406,0.103059,1,368,10,10
peanuts_0_0,0.25,gair-ransac,0.052617,0.018665,0.033952,0.103857,1,368,6,6
peanuts_0_0,0.25,gc-ransac,0.05351,0.019037,0.034472,0.105544,1,371,5,5
peanuts_0_0,0.25,lo-ransac,0.0519,0.018145,0.033755,0.105405,1,362,10,10
peanuts_0_0,0.25,vanilla,0.05292,0.01845,0.03447,0.105348,1,367,10,10
peanuts_0_0,0.3,gair-ransac,0.052873,0.0186,0.034273,0.103639,1,371,5,5
peanuts_0_0,0.3,gc-ransac,0.052423,0.018138,0.034284,0.102042,1,369,5,5
peanuts_0_0,0.3,lo-ransac,0.053588,0.019082,0.034506,0.105659,1,365,10,10
peanuts_0_0,0.3,vanilla,0.053097,0.018696,0.034401,0.106577,1,366,10,10
peanuts_0_0,0.35,gair-ransac,0.053586,0.019209,0.034378,0.103485,1,368,5,5
peanuts_0_0,0.35,gc-ransac,0.052912,0.018533,0.034379,0.105445,1,363,5,5
peanuts_0_0,0.35,lo-ransac,0.051998,0.018268,0.03373,0.104069,1,367,10,10
peanuts_0_0,0.35,vanilla,0.053814,0.019308,0.034506,0.103952,1,362,11,11
peanuts_0_0,0.4,gair-ransac,0.053748,0.019182,0.034566,0.103849,1,375,5,5
peanuts_0_0,0.4,gc-ransac,0.052327,0.018639,0.033688,0.098533,1,365,5,5
peanuts_0_0,0.4,lo-ransac,0.052359,0.018455,0.033904,0.100107,1,370,11,11
peanuts_0_0,0.4,vanilla,0.053201,0.018665,0.034536,0.101272,1,362,12,12
supersingle0_0_0,0.0,gair-ransac,0.036601,0.012266,0.024335,0.057617,1,500,5,5
supersingle0_0_0,0.0,gc-ransac,0.03737,0.012849,0.024521,0.05196,1,500,5,5
supersingle0_0_0,0.0,lo-ransac,0.038234,0.013574,0.02466,0.051419,1,500,5,5
supersingle0_0_0,0.0,vanilla,0.038915,0.014012,0.024904,0.049508,1,500,5,5
supersingle0_0_0,0.05,gair-ransac,0.038366,0.013416,0.024949,0.053287,1,500,5,5
supersingle0_0_0,0.05,gc-ransac,0.037449,0.013072,0.024377,0.050624,1,500,5,5
supersingle0_0_0,0.05,lo-ransac,0.035918,0.012005,0.023913,0.054077,1,499,5,5
supersingle0_0_0,0.05,vanilla,0.036491,0.01241,0.02408,0.05463,1,500,5,5
supersingle0_0_0,0.1,gair-ransac,0.037575,0.012805,0.02477,0.058502,1,500,5,5
supersingle0_0_0,0.1,gc-ransac,0.036263,0.012268,0.023995,0.053262,1,500,5,5
supersingle0_0_0,0.1,lo-ransac,0.036934,0.012693,0.024241,0.057773,1,500,5,5
supersingle0_0_0,0.1,vanilla,0.036485,0.012313,0.024172,0.052374,1,498,5,5
supersingle0_0_0,0.15,gair-ransac,0.036955,0.012626,0.024329,0.048809,1,499,5,5
supersingle0_0_0,0.15,gc-ransac,0.037422,0.012944,0.024478,0.059213,1,500,5,5
supersingle0_0_0,0.15,lo-ransac,0.036851,0.012664,0.024187,0.056169,1,499,5,5
supersingle0_0_0,0.15,vanilla,0.036798,0.012669,0.024129,0.049832,1,498,5,5
supersingle0_0_0,0.2,gair-ransac,0.037379,0.012868,0.02451,0.053066,1,500,5,5
supersingle0_0_0,0.2,gc-ransac,0.036546,0.012418,0.024128,0.050961,1,500,5,5
supersingle0_0_0,0.2,lo-ransac,0.03619,0.012316,0.023874,0.050465,1,498,8,8
supersingle0_0_0,0.2,vanilla,0.036438,0.01232,0.024118,0.054759,1,500,7,7
supersingle0_0_0,0.25,gair-ransac,0.036562,0.012523,0.024039,0.053316,1,498,5,5
supersingle0_0_0,0.25,gc-ransac,0.03661,0.01254,0.02407,0.054567,1,498,5,5
supersingle0_0_0,0.25,lo-ransac,0.036562,0.012559,0.024003,0.056019,1,498,10,10
supersingle0_0_0,0.25,vanilla,0.035913,0.01197,0.023943,0.051677,1,498,10,10
supersingle0_0_0,0.3,gair-ransac,0.038081,0.01321,0.024872,0.058226,1,499,5,5
supersingle0_0_0,0.3,gc-ransac,0.037011,0.01268,0.02433,0.0559,1,500,5,5
supersingle0_0_0,0.3,lo-ransac,0.036606,0.012542,0.024064,0.052487,1,498,10,10
supersingle0_0_0,0.3,vanilla,0.036738,0.01251,0.024228,0.053089,1,498,11,11
supersingle0_0_0,0.35,gair-ransac,0.036191,0.012109,0.024082,0.052891,1,499,5,5
supersingle0_0_0,0.35,gc-ransac,0.036919,0.01268,0.024238,0.057705,1,499,5,5
supersingle0_0_0,0.35,lo-ransac,0.036603,0.012364,0.024239,0.05335,1,498,13,13
supersingle0_0_0,0.35,vanilla,0.036504,0.01242,0.024084,0.051093,1,498,14,14
supersingle0_0_0,0.4,gair-ransac,0.036772,0.012551,0.024221,0.056344,1,500,5,5
supersingle0_0_0,0.4,gc-ransac,0.036259,0.012172,0.024086,0.05179,1,498,5,5
supersingle0_0_0,0.4,lo-ransac,0.036292,0.012329,0.023962,0.052163,1,500,13,13
supersingle0_0_0,0.4,vanilla,0.036439,0.012205,0.024234,0.056904,1,500,12,12
supersingle7_0_0,0.0,gair-ransac,0.044358,0.015504,0.028854,0.057379,1,500,5,5
supersingle7_0_0,0.0,gc-ransac,0.044358,0.015504,0.028854,0.057379,1,500,5,5
supersingle7_0_0,0.0,lo-ransac,0.044358,0.015504,0.028854,0.057379,1,500,5,5
supersingle7_0_0,0.0,vanilla,0.044358,0.015504,0.028854,0.057379,1,500,5,5
supersingle7_0_0,0.05,gair-ransac,0.044347,0.015525,0.028822,0.057858,1,500,5,5
supersingle7_0_0,0.05,gc-ransac,0.04148,0.01375,0.02773,0.056048,1,500,5,5
supersingle7_0_0,0.05,lo-ransac,0.039026,0.011911,0.027114,0.054504,1,500,5,5
supersingle7_0_0,0.05,vanilla,0.042497,0.014324,0.028173,0.054742,1,500,5,5
supersingle7_0_0,0.1,gair-ransac,0.044063,0.015409,0.028654,0.0575,1,500,5,5
supersingle7_0_0,0.1,gc-ransac,0.041248,0.013649,0.0276,0.055046,1,500,5,5
supersingle7_0_0,0.1,lo-ransac,0.042439,0.01425,0.028189,0.060069,1,500,5,5
supersingle7_0_0,0.1,vanilla,0.039542,0.012385,0.027157,0.055774,1,500,5,5
supersingle7_0_0,0.15,gair-ransac,0.039395,0.012364,0.02703,0.0553,1,500,5,5
supersingle7_0_0,0.15,gc-ransac,0.04367,0.014744,0.028926,0.05753,1,500,5,5
supersingle7_0_0,0.15,lo-ransac,0.045549,0.016414,0.029135,0.058587,1,500,5,5
supersingle7_0_0,0.15,vanilla,0.041016,0.013368,0.027648,0.05534,1,500,5,5
supersingle7_0_0,0.2,gair-ransac,0.03926,0.012133,0.027127,0.054995,1,500,5,5
supersingle7_0_0,0.2,gc-ransac,0.04326,0.014726,0.028535,0.057668,1,500,5,5
supersingle7_0_0,0.2,lo-ransac,0.039518,0.012308,0.027209,0.055804,1,500,5,5
supersingle7_0_0,0.2,vanilla,0.04499,0.015736,0.029254,0.058785,1,500,5,5
supersingle7_0_0,0.25,gair-ransac,0.040238,0.012692,0.027546,0.056828,1,500,5,5
supersingle7_0_0,0.25,gc-ransac,0.044008,0.015174,0.028834,0.056498,1,500,5,5
supersingle7_0_0,0.25,lo-ransac,0.041749,0.013852,0.027897,0.055616,1,500,8,8
supersingle7_0_0,0.25,vanilla,0.044346,0.015502,0.028844,0.055664,1,500,6,6
supersingle7_0_0,0.3,gair-ransac,0.043612,0.014712,0.0289,0.056114,1,500,5,5
supersingle7_0_0,0.3,gc-ransac,0.045067,0.015794,0.029273,0.05947,1,500,5,5
supersingle7_0_0,0.3,lo-ransac,0.044154,0.015554,0.028599,0.057954,1,500,7,7
supersingle7_0_0,0.3,vanilla,0.044621,0.015595,0.029026,0.05622,1,500,7,7
supersingle7_0_0,0.35,gair-ransac,0.041105,0.013325,0.02778,0.055971,1,500,5,5
supersingle7_0_0,0.35,gc-ransac,0.045612,0.016194,0.029418,0.057494,1,500,5,5
supersingle7_0_0,0.35,lo-ransac,0.044502,0.015553,0.028949,0.057224,1,500,9,9
supersingle7_0_0,0.35,vanilla,0.043537,0.014891,0.028646,0.057916,1,500,7,7
supersingle7_0_0,0.4,gair-ransac,0.041504,0.013595,0.02791,0.056403,1,500,5,5
supersingle7_0_0,0.4,gc-ransac,0.045371,0.016094,0.029277,0.057228,1,500,5,5
supersingle7_0_0,0.4,lo-ransac,0.043335,0.014776,0.028559,0.057535,1,500,11,11
supersingle7_0_0,0.4,vanilla,0.045426,0.015957,0.029468,0.057654,1,500,11,11
supersingle9_0_0,0.0,gair-ransac,0.046727,0.016283,0.030445,0.06457,1,500,5,5
supersingle9_0_0,0.0,gc-ransac,0.046727,0.016283,0.030445,0.06457,1,500,5,5
supersingle9_0_0,0.0,lo-ransac,0.046727,0.016283,0.030445,0.06457,1,500,5,5
supersingle9_0_0,0.0,vanilla,0.046727,0.016283,0.030445,0.06457,1,500,5,5
supersingle9_0_0,0.05,gair-ransac,0.046961,0.016516,0.030445,0.066048,1,500,5,5
supersingle9_0_0,0.05,gc-ransac,0.047075,0.016526,0.030549,0.066617,1,500,5,5
supersingle9_0_0,0.05,lo-ransac,0.047075,0.016526,0.030549,0.066617,1,500,5,5
supersingle9_0_0,0.05,vanilla,0.047075,0.016526,0.030549,0.066617,1,500,5,5
supersingle9_0_0,0.1,gair-ransac,0.046675,0.016223,0.030452,0.062243,1,500,5,5
supersingle9_0_0,0.1,gc-ransac,0.046613,0.016025,0.030589,0.0615,1,500,5,5
supersingle9_0_0,0.1,lo-ransac,0.043272,0.014112,0.02916,0.057485,1,500,5,5
supersingle9_0_0,0.1,vanilla,0.04646,0.015882,0.030579,0.061202,1,500,5,5
supersingle9_0_0,0.15,gair-ransac,0.048347,0.017391,0.030956,0.060682,1,500,5,5
supersingle9_0_0,0.15,gc-ransac,0.046804,0.016142,0.030662,0.060547,1,500,5,5
supersingle9_0_0,0.15,lo-ransac,0.048896,0.01754,0.031356,0.063989,1,500,5,5
supersingle9_0_0,0.15,vanilla,0.046111,0.015952,0.030158,0.064642,1,499,5,5
supersingle9_0_0,0.2,gair-ransac,0.046979,0.016476,0.030503,0.066647,1,500,5,5
supersingle9_0_0,0.2,gc-ransac,0.046656,0.016153,0.030503,0.06254,1,500,5,5
supersingle9_0_0,0.2,lo-ransac,0.04833,0.017069,0.031261,0.063456,1,500,5,5
supersingle9_0_0,0.2,vanilla,0.046923,0.016325,0.030598,0.064505,1,498,5,5
supersingle9_0_0,0.25,gair-ransac,0.047185,0.016584,0.030602,0.067947,1,500,5,5
supersingle9_0_0,0.25,gc-ransac,0.046674,0.01623,0.030444,0.060576,1,500,5,5
supersingle9_0_0,0.25,lo-ransac,0.048063,0.017052,0.031011,0.063394,1,500,6,6
supersingle9_0_0,0.25,vanilla,0.048426,0.017142,0.031285,0.060393,1,500,5,5
supersingle9_0_0,0.3,gair-ransac,0.047097,0.016328,0.030769,0.062288,1,500,5,5
supersingle9_0_0,0.3,gc-ransac,0.04344,0.014124,0.029316,0.058638,1,500,5,5
supersingle9_0_0,0.3,lo-ransac,0.046066,0.015971,0.030095,0.06337,1,499,8,8
supersingle9_0_0,0.3,vanilla,0.047214,0.016558,0.030656,0.060717,1,498,9,9
supersingle9_0_0,0.35,gair-ransac,0.046927,0.016302,0.030625,0.061147,1,500,5,5
supersingle9_0_0,0.35,gc-ransac,0.047003,0.01663,0.030374,0.06207,1,500,5,5
supersingle9_0_0,0.35,lo-ransac,0.047114,0.016541,0.030573,0.058719,1,499,8,8
supersingle9_0_0,0.35,vanilla,0.046929,0.016371,0.030558,0.058571,1,496,8,8
supersingle9_0_0,0.4,gair-ransac,0.043738,0.014343,0.029395,0.058708,1,500,5,5
supersingle9_0_0,0.4,gc-ransac,0.046748,0.016318,0.03043,0.058121,1,500,5,5
supersingle9_0_0,0.4,lo-ransac,0.042258,0.013299,0.028959,0.057214,1,500,12,12
supersingle9_0_0,0.4,vanilla,0.047376,0.016784,0.030592,0.065928,1,498,11,11
