pc,outlier_frac,algo,chamfer_mean,chamfer_std,cd_coverage_mean,cd_coverage_std,cd_accuracy_mean,cd_accuracy_std,hausdorff_mean,hausdorff_std,classification_rate_mean,classification_rate_std,runtime_s_mean,runtime_s_std
acartoon_character,0.0,gair-ransac,0.03627371716643522,0.0034864074010066463,0.015630371125643305,0.0016413081440644632,0.020643346040791846,0.0025678201025913323,0.23313180223355373,0.038608692968260964,0.67163125,0.056586907353923986,284.91094914999996,75.83876492795677
acartoon_character,0.0,gc-ransac,0.056427917197079125,0.008393977407207502,0.020880757582832178,0.004023251976826952,0.035547159614246905,0.007368999652615616,0.2349132106904607,0.02893485850481285,0.74389375,0.08187015629505244,286.2762926399997,61.76139718157904
acartoon_character,0.0,lo-ransac,0.0850617794514817,0.012254979409779557,0.012628289927710276,0.0005435457325388011,0.07243348952377139,0.012128329824257053,0.41646110177270784,0.11023059010849824,0.87678125,0.008559185874190816,70.80970864499977,13.615175347417994
acartoon_character,0.0,vanilla,0.0844925055147747,0.01123899361928616,0.01234722776575337,0.0005142205684121794,0.07214527774902128,0.011024404955076252,0.4031115629861118,0.12595660721341242,0.8604625,0.009049943660772563,50.495205460000214,10.382010027290658
acartoon_character,0.05,gair-ransac,0.03703489796587573,0.0052317317507371884,0.01599401334121118,0.0031405704046117205,0.0210408846246645,0.002606728461838824,0.23308445280800744,0.03434180877992104,0.680952380952381,0.06307753806680348,333.186372415,98.45890390157905
acartoon_character,0.05,gc-ransac,0.06363209661352343,0.010181708750708639,0.027217965392269016,0.007542915208712307,0.03641413122125435,0.008291228800050286,0.22162387181946533,0.03745421295607972,0.6508392857142857,0.10160899354202826,302.75641265999985,62.076834116302805
acartoon_character,0.05,lo-ransac,0.123034287645104,0.018588191921718122,0.012976834452273284,0.0005650870246564453,0.11005745319283067,0.018158273255882366,0.48477432314821545,0.09777231823535319,0.8457916666666666,0.009494022575999555,101.17410195500034,12.240215199433393
acartoon_character,0.05,vanilla,0.12171655726798067,0.011923199837186605,0.01258995981857674,0.0002984562152567799,0.10912659744940387,0.011820456425554574,0.5355076270276653,0.10251903946192127,0.8304107142857143,0.008668387401817532,71.76436172500034,10.92007887318403
acartoon_character,0.1,gair-ransac,0.0377373335564528,0.004446843810391665,0.01590652351050935,0.002046381925619784,0.021830810045943404,0.003793618129169665,0.23700469135052565,0.01442127286826574,0.6966534090909091,0.044638236346642934,307.57778544499996,68.35063707136949
acartoon_character,0.1,gc-ransac,0.07024565699633752,0.006321967789563146,0.026775453495129962,0.007618883714691127,0.043470203501207505,0.009804953124615151,0.24067844160331928,0.04455699330225963,0.6713295454545454,0.11295878191876312,269.9378998249998,62.81803984804371
acartoon_character,0.1,lo-ransac,0.12879979509248368,0.009262854594599277,0.012843712665700086,0.0003797701238455626,0.11595608242678354,0.00930901210216409,0.4997345769358943,0.06241790614312138,0.8149374999999999,0.006188252504757396,115.9434281400003,13.642221418153753
acartoon_character,0.1,vanilla,0.13353707494253614,0.0104025252259863,0.012796418437330665,0.00046853330191303606,0.12074065650520541,0.010404061602907837,0.5877058702023105,0.12101268482731228,0.8019829545454545,0.007430122039155651,76.84460028500052,7.450280067599128
acartoon_character,0.15,gair-ransac,0.038644255299921604,0.006124007293659936,0.016254029798491876,0.002441413735441649,0.022390225501429696,0.0049827126510419316,0.24486629884234942,0.021032009393235095,0.6960380434782609,0.04967632868708878,314.25460907500036,73.77045213230568
acartoon_character,0.15,gc-ransac,0.08289910774552141,0.013401979121892286,0.02421560175631961,0.0057775503899742935,0.058683505989201745,0.01176681877645408,0.2647326141759549,0.05152060345001291,0.7119021739130436,0.06823728531203119,296.8041468849997,71.31435041979265
acartoon_character,0.15,lo-ransac,0.1367376195320353,0.011803875438003111,0.01278884503645315,0.00031581915847842776,0.12394877449558213,0.011669940241504645,0.5448695853448113,0.07397614766339247,0.784945652173913,0.007492119363169879,118.95335316499987,13.242438564393774
acartoon_character,0.15,vanilla,0.14273464437051867,0.011548024599900132,0.013067185111889121,0.00037321301285026627,0.1296674592586295,0.011354276687754503,0.5901331632171741,0.10703462344035872,0.7760326086956522,0.007313452903642255,79.43653654000009,7.446516365313432
acartoon_character,0.2,gair-ransac,0.03952313673500946,0.006674514169458399,0.01673481580119418,0.0033773151326387703,0.022788320933815245,0.004289683061295501,0.24122293779319662,0.017425326064728863,0.7052291666666667,0.06103522584425856,325.7352798599999,66.91457568190876
acartoon_character,0.2,gc-ransac,0.08847963065440859,0.019112954490196402,0.02251200627103729,0.007424934780939778,0.06596762438337127,0.015381552015241563,0.28165714979282136,0.045270436396930507,0.7399479166666667,0.08718017009998477,281.6031757650002,56.068728998971466
acartoon_character,0.2,lo-ransac,0.13802678444089161,0.00919376402972341,0.013013175000018801,0.0005092535854988006,0.12501360944087275,0.008928088008336004,0.5448353174403564,0.09693769556163641,0.7629583333333334,0.007058732434500635,122.56970505499994,19.93947284233274
acartoon_character,0.2,vanilla,0.14678405556722404,0.011250837766312126,0.013389187214090794,0.0005042184859732419,0.1333948683531332,0.011091541805286995,0.5973842731272255,0.10415348150789944,0.7542083333333334,0.006588373181917557,79.28522549999943,8.29258141342448
acartoon_character,0.25,gair-ransac,0.03929209295728713,0.004806604150521675,0.01580689263660707,0.002104030830731119,0.02348520032068002,0.0042745220400256445,0.24050496748176267,0.016962054905149307,0.73166,0.0434387820901287,314.01441971500043,66.30786775820731
acartoon_character,0.25,gc-ransac,0.0934274894558538,0.015504238745706729,0.02017107836900134,0.004486298552512907,0.07325641108685241,0.014227869887758657,0.2982874130119879,0.04841202374520495,0.7623949999999999,0.05120673758094937,285.0189804850006,64.0738618244624
acartoon_character,0.25,lo-ransac,0.14073140623684383,0.011191046474624027,0.013286646792542295,0.0003527796177745627,0.1274447594443015,0.011140492010030003,0.5388850683231804,0.1085617284393536,0.73651,0.004057728169152905,120.57645051499985,12.549760463618696
acartoon_character,0.25,vanilla,0.1512399929351595,0.013695329147029147,0.01350164566148005,0.0004346092641851317,0.1377383472736794,0.01352639228566063,0.6101649801416806,0.12077640739762131,0.733805,0.007779627578692844,76.37382733500017,6.023795175744909
acartoon_character,0.3,gair-ransac,0.04143096188061909,0.0068719686836537395,0.014934086116628794,0.0017222937190353672,0.026496875763990263,0.0071849662574226545,0.23539040131965447,0.0158066891616474,0.7448653846153845,0.03867271731019774,314.81530475500006,57.66799657451615
acartoon_character,0.3,gc-ransac,0.09625390057695521,0.008570037059940543,0.018794157455031636,0.003573734545537856,0.07745974312192352,0.006894698771701892,0.30199593880940995,0.032485100542257526,0.7689182692307692,0.03572542421932718,304.76163011499995,73.00791363673433
acartoon_character,0.3,lo-ransac,0.1457483226777773,0.009786171149173108,0.013418166642088395,0.000509809528354843,0.13233015603568885,0.009710038351464386,0.5489141846912506,0.09884415667363823,0.7192115384615384,0.006543193096291723,124.62514436999973,9.295054180665431
acartoon_character,0.3,vanilla,0.1475253597595701,0.012004439873962576,0.013681813399683098,0.0004544105782569172,0.13384354635988693,0.01179129124573027,0.5473681924802666,0.09154138107887103,0.7121826923076923,0.0061047908776566,78.23370198500034,6.713080780953874
acartoon_character,0.35,gair-ransac,0.03856809354946836,0.005033192709051624,0.015422350587832475,0.002297151083278229,0.023145742961635834,0.004983563528731578,0.24480698886968097,0.01729980582031196,0.7475138888888889,0.03518520153636634,330.384828665,73.00088457111285
acartoon_character,0.35,gc-ransac,0.09986755827366409,0.008953033261279823,0.017522862572505953,0.0037508449867860462,0.08234469570115811,0.008148882748132101,0.3271010778354542,0.05800061250901607,0.7721342592592593,0.030875290850779172,330.7954824599998,50.73003474404315
acartoon_character,0.35,lo-ransac,0.14967525734717518,0.008802836840124376,0.01336867446455275,0.00043560513937018574,0.13630658288262235,0.00868065040913038,0.5886141646205749,0.0823734407135942,0.7012037037037037,0.0057474179868241375,121.20884375500009,10.029201827888437
acartoon_character,0.35,vanilla,0.15520186910654526,0.010177260756117986,0.013720243749024915,0.0005227582069202351,0.14148162535752026,0.010028646816166638,0.6262639531647721,0.1055093096748767,0.692587962962963,0.005143812508814775,75.93559070499995,5.5920057252859925
acartoon_character,0.4,gair-ransac,0.041573769943086245,0.007521779945265229,0.01542688679917805,0.002405814624794584,0.026146883143908152,0.007287034735545792,0.24849967631588993,0.029131123151994308,0.7505625,0.04355726207978661,321.5891233199998,55.83668894960774
acartoon_character,0.4,gc-ransac,0.10062731932573829,0.007666736555144757,0.017161450546773878,0.002075919932418252,0.08346586877896435,0.007266068759294179,0.3207856877618439,0.041532548431192806,0.75209375,0.015542747387167419,330.52486275500013,58.74284518650122
acartoon_character,0.4,lo-ransac,0.14804710970498702,0.014743267976920842,0.013563280685209044,0.000530533413450642,0.1344838290197779,0.014528048179230346,0.5528608888658952,0.07793300613384628,0.6845803571428571,0.007341864702467932,121.98483663499974,12.715450114731201
acartoon_character,0.4,vanilla,0.1528005202430009,0.008971392484139891,0.014087180009283478,0.00041417000829236663,0.1387133402337174,0.00887273888820392,0.5543430644321575,0.10676582549430477,0.6796116071428571,0.006446057242028495,79.96281882000021,5.661135326491961
anormalsmushroom,0.0,gair-ransac,0.059123226021702356,0.006287261356288198,0.020042709602408913,0.003798719602333521,0.03908051641929338,0.0058699970727907405,0.2325666461495175,0.05350557575640569,0.83110625,0.07286846335900482,189.28994476000008,79.93419171796378
anormalsmushroom,0.0,gc-ransac,0.0740522954662365,0.013730178783158882,0.032602165983276865,0.01289119176129788,0.04145012948295957,0.004767405959826028,0.20626570268913452,0.01833476197779902,0.67226875,0.14581051417647456,282.97789360999957,62.21001931327615
anormalsmushroom,0.0,lo-ransac,0.07576302048786933,0.011883922875735906,0.013887003110014359,0.0007024222677979467,0.06187601737785492,0.011618078633842314,0.33790683653596554,0.09851654460387055,0.9012,0.009578742225969916,56.46312383999975,15.204357114569945
anormalsmushroom,0.0,vanilla,0.07465772472639451,0.008015135592896584,0.01420718613537553,0.000731370897058896,0.06045053859101891,0.007869742915552943,0.33602701518868905,0.08767004683941272,0.87519375,0.014332659326003071,34.51251677500004,7.4255027715608035
anormalsmushroom,0.05,gair-ransac,0.05542252422767822,0.006695719360727355,0.018449647270808625,0.004038040809074503,0.03697287695686955,0.005831332520932183,0.22010986560852083,0.0520488831094673,0.8634404761904761,0.08358420794265291,234.85610813499972,72.3175652273042
anormalsmushroom,0.05,gc-ransac,0.064366704111646,0.007022962861498688,0.022745192064651136,0.00601452596218482,0.04162151204699481,0.005660535004806926,0.20805190715851393,0.021964174083526824,0.789345238095238,0.0999097896900201,262.5649495650001,65.30526225480583
anormalsmushroom,0.05,lo-ransac,0.09102686897761121,0.008671189491129631,0.014062518460355961,0.0006921677527608475,0.0769643505172552,0.008370748177713763,0.4072059841221763,0.11505238778457318,0.867625,0.01173459045471946,88.64463223499934,13.673490045982465
anormalsmushroom,0.05,vanilla,0.0919905670007087,0.006682963396744974,0.014613912908203824,0.0004603684837635834,0.07737665409250483,0.00663345648182866,0.4257694803055566,0.08291369914997883,0.8404107142857142,0.011304112608646376,55.021803274999726,9.568564784483504
anormalsmushroom,0.1,gair-ransac,0.054733678756268736,0.005833249466482722,0.01944279649098147,0.0038619810202120226,0.03529088226528722,0.005660721103852037,0.19746290404988118,0.04392074106615692,0.842625,0.0771238706602556,291.23928584000004,94.9533284600062
anormalsmushroom,0.1,gc-ransac,0.06504244440149584,0.0073695918391374375,0.02067842267375914,0.005042191133497339,0.04436402172773665,0.00524846124810388,0.2302266142838701,0.0443774875201864,0.8090681818181817,0.0797276416712233,295.09407603499983,73.79312490119271
anormalsmushroom,0.1,lo-ransac,0.10175365053582733,0.009287584850063091,0.014110539971868124,0.0004334908559503235,0.08764311056395915,0.009196578153670183,0.4755843171942976,0.07862401629938622,0.8288352272727273,0.011580518550845787,109.15809611499954,16.221876716246197
anormalsmushroom,0.1,vanilla,0.10986187698713208,0.011331970031047973,0.014491799780591449,0.0004936841240506236,0.09537007720654059,0.011325802354005843,0.5553705247344354,0.14699211574218096,0.8083068181818183,0.011491854397174716,75.48249371000074,8.701105445564288
anormalsmushroom,0.15,gair-ransac,0.056503329369863166,0.007257146709399618,0.01979118105167817,0.0038762432964237342,0.036712148318184944,0.005529649149702302,0.22456849334175044,0.05194724608239112,0.8481249999999999,0.07030921756618175,195.79398496500016,64.66761130473184
anormalsmushroom,0.15,gc-ransac,0.06603524805393647,0.008451392066492808,0.021802960560895857,0.004846883877241124,0.04423228749304057,0.004539734180032629,0.22536553806831355,0.03983005751838925,0.7867010869565217,0.07098254281644246,290.34477446000017,65.15212733524504
anormalsmushroom,0.15,lo-ransac,0.11024415670886303,0.009058236175136722,0.014216992871382925,0.0006508447994816082,0.09602716383748003,0.008813657003660854,0.4933285576063189,0.08216162663173934,0.8003750000000001,0.013620506632474464,121.65585244999947,13.863314493055272
anormalsmushroom,0.15,vanilla,0.11110805331377638,0.00904675348626809,0.014838895673894131,0.0005360641101541902,0.09626915763988218,0.00880482519689936,0.5512022795035455,0.10451648887286764,0.7804782608695653,0.011141584804194584,72.87112722500005,7.894152376612771
anormalsmushroom,0.2,gair-ransac,0.055664780927858856,0.00577783133999477,0.02041083566505214,0.0038025661780750988,0.03525394526280667,0.004651775525342595,0.20148923676385128,0.04082427510284554,0.8459322916666666,0.06715045537127656,246.7314147050003,77.62591144082029
anormalsmushroom,0.2,gc-ransac,0.07072942948095975,0.007051561255389397,0.023405848564128535,0.004759870450706436,0.04732358091683117,0.005081478973618437,0.2228709521437083,0.022699526722955443,0.7548802083333334,0.06599233445642311,302.2465672100001,64.52361327078994
anormalsmushroom,0.2,lo-ransac,0.11624557289726031,0.010584613580185032,0.014297465032385919,0.0005519263715520941,0.10194810786487436,0.010409817160333054,0.5625001022080863,0.11011534647349157,0.7815416666666667,0.009593018085020598,121.27344556499975,14.473812848803062
anormalsmushroom,0.2,vanilla,0.11335915755830117,0.00780923703830226,0.014829323107754441,0.0004479847295174895,0.09852983445054668,0.007673679909008563,0.5467042672371953,0.10725140803056729,0.756609375,0.011245048201550334,72.3178703999998,5.726626825311181
anormalsmushroom,0.25,gair-ransac,0.055078148414108866,0.004412137756015962,0.01754689872865053,0.004161249545494409,0.03753124968545829,0.004891823436434415,0.22534578626935042,0.047110582298406006,0.8904249999999999,0.06931800005466796,232.8190839499999,76.92051178142297
anormalsmushroom,0.25,gc-ransac,0.0709436699508607,0.00758065786232973,0.023065555454097796,0.004257426406760038,0.04787811449676285,0.005894805895303684,0.22036880677114876,0.025019313342069274,0.7548,0.0488344033174198,306.91474335999936,67.240613100209
anormalsmushroom,0.25,lo-ransac,0.10964857733924498,0.008071913507042458,0.01442418461126839,0.0006640826182901014,0.09522439272797653,0.007905597575142038,0.4939715524572936,0.10414211050597241,0.75615,0.012357077665089446,126.38115905500017,15.272175480668256
anormalsmushroom,0.25,vanilla,0.11344510590118155,0.009647664897264966,0.015218088862795789,0.0004554733425592323,0.0982270170383857,0.009550193107856408,0.5046685824056812,0.0992912865849051,0.734105,0.012038773980242673,75.35782992000004,6.102020210367524
anormalsmushroom,0.3,gair-ransac,0.056086319512787974,0.007438510191035959,0.01963493238094807,0.004101317543914366,0.03645138713183986,0.005300427040016803,0.2149754479497829,0.044247593240945224,0.8606971153846154,0.06280031302643077,223.48923958499944,68.38760032103791
anormalsmushroom,0.3,gc-ransac,0.07621903730209426,0.006225356080073992,0.02259260798099879,0.004245900621942302,0.053626429321095424,0.004497261405149269,0.24260761171287598,0.03751824964310651,0.7479375,0.04285413209860073,299.17679284499974,68.67279703499705
anormalsmushroom,0.3,lo-ransac,0.11522700119922406,0.007926355931428758,0.014477177575979449,0.0005661099768681137,0.10074982362324456,0.007693263168631869,0.5363205622641372,0.08466901170599092,0.7348990384615385,0.014073547297435972,125.1636935550001,13.782725217343891
anormalsmushroom,0.3,vanilla,0.11314502017013835,0.007907928296521899,0.015164737812756578,0.0005667426725226329,0.09798028235738172,0.007785870396693153,0.5302240778907574,0.09438526987393041,0.7129182692307692,0.014886099366074889,73.26094804499989,8.031388193238072
anormalsmushroom,0.35,gair-ransac,0.054772736950697176,0.006046326436820028,0.017074411065682055,0.004761694230435701,0.037698325885015066,0.004135390834486489,0.220518964564946,0.03933424877415539,0.8970046296296296,0.06846241496231363,257.6280141199997,77.68955561864769
anormalsmushroom,0.35,gc-ransac,0.0720677672914594,0.005554039575923975,0.02018740242672421,0.0021677042248024634,0.05188036486473514,0.005515748456614098,0.23025206538459816,0.015847719552061778,0.776699074074074,0.033091966107902666,308.34364552000005,59.97080797853039
anormalsmushroom,0.35,lo-ransac,0.11759881341857925,0.008331550841485949,0.014558102099531369,0.0004687209001621482,0.10304071131904782,0.008264576103893948,0.5645392394247002,0.1322106464756987,0.7196712962962962,0.011057924808412943,131.73214928999988,12.201308024175324
anormalsmushroom,0.35,vanilla,0.11846604785744104,0.009346509172193429,0.015239693608982979,0.00025979019727539657,0.10322635424845801,0.009244231915239326,0.5835872073781397,0.1398646525972076,0.7006388888888889,0.011245608164156094,79.63128130499936,6.863446274702709
anormalsmushroom,0.4,gair-ransac,0.05488209907502232,0.00701407582254617,0.018263535881106012,0.004568518292934012,0.036618563193916244,0.004217652181496948,0.201554974009853,0.031161613693615916,0.8846026785714285,0.05783122211147092,230.6526740950003,57.17128370704231
anormalsmushroom,0.4,gc-ransac,0.07494894543460542,0.005556315945823685,0.02020851735570884,0.0021395786274038993,0.05474042807889653,0.0055075651320331005,0.2332735981423998,0.02207153320306477,0.7552366071428571,0.023609388489730578,306.4776811350004,61.04505781110621
anormalsmushroom,0.4,lo-ransac,0.11047938098352698,0.006511051659042015,0.01471898273063815,0.000426846789734532,0.0957603982528888,0.006364306766769665,0.48459764999594884,0.07192775987741024,0.6991294642857142,0.009319805974280128,127.91700377500001,11.842347499513942
anormalsmushroom,0.4,vanilla,0.11742936575817635,0.010287731756241834,0.015562704063388891,0.0003558261609643647,0.10186666169478742,0.010220069251390834,0.5593226285759714,0.10659011616826587,0.6786919642857143,0.011421273332078504,74.76059769000058,6.121159963885279
cat1_0_0,0.0,gair-ransac,0.03839226595445135,0.001531435070305869,0.01181905174183195,0.00025167259834802655,0.02657321421261933,0.001542485047745195,0.1067556825002652,0.009494279191697031,0.9396153846153845,0.003229997980046653,78.7306103949999,35.71497167935565
cat1_0_0,0.0,gc-ransac,0.045422004536289,0.000375208439265036,0.021235804274984334,0.00035005168532434755,0.024186200261304566,0.0005091165803376865,0.13216667696280057,0.0007905911382414663,0.8302564102564102,0.003552924733474625,165.00066946666752,27.430332057114924
cat1_0_0,0.0,lo-ransac,0.09161284151499599,0.020153433621087142,0.016441018936598065,0.00109799815151406,0.07517182257839788,0.01998512914367837,0.46265502402839687,0.18739654095484493,0.8610769230769231,0.022059064000496793,29.51483194500015,7.930475941679572
cat1_0_0,0.0,vanilla,0.09704182204641375,0.018159876130279803,0.017124139262478025,0.0010968461166731489,0.07991768278393567,0.01807950343286521,0.46727392084999514,0.16580106672516515,0.8368461538461538,0.025321231134859713,23.238564865000264,8.285811295297862
cat1_0_0,0.05,gair-ransac,0.040319054644226325,0.0029087489922696246,0.01383926054546471,0.003814027826448959,0.026479794098761573,0.0016707197683603413,0.11270872094260014,0.01366330304844408,0.9060117302052786,0.06134590581664177,88.93434149999976,35.456669964070315
cat1_0_0,0.05,gc-ransac,0.045407507692886,0.0020213866488730772,0.02043425535732578,0.003271583932177429,0.024973252335560157,0.001285395298203523,0.12939496146898616,0.012494226543547664,0.8346041055718475,0.030359342877456667,205.10486627999998,30.998048288483762
cat1_0_0,0.05,lo-ransac,0.09369239985629103,0.018975579799607938,0.01680235609379662,0.001288889844057345,0.07689004376249436,0.01837623773875026,0.42055467316518874,0.18218584509708607,0.8380498533724341,0.023380570077981395,36.42878501499945,12.688263536351618
cat1_0_0,0.05,vanilla,0.11045743529658325,0.01937152246578256,0.017692122524194782,0.0011678962961057064,0.09276531277238842,0.019023931050831767,0.5785836652030081,0.16421850404676488,0.8034457478005865,0.025121016009832103,26.556592719999934,5.436877236195864
cat1_0_0,0.1,gair-ransac,0.04175776810649877,0.0028062023034907953,0.014423377565739026,0.0038960296891133394,0.027334390540759684,0.0018732711586145667,0.11488187423400989,0.01288048884164718,0.9071328671328672,0.05689367030269147,64.09014459000028,21.96420601922897
cat1_0_0,0.1,gc-ransac,0.0470357831797378,0.0014628028727640202,0.021998185538361102,0.0007567749273611106,0.0250375976413767,0.0007060279454029058,0.13422826051565834,0.002398273007701309,0.8342657342657342,0.0009889605331280208,108.56971824999891,19.87839393424002
cat1_0_0,0.1,lo-ransac,0.10790061805488564,0.017774105053674192,0.01731568436626866,0.00120351884617867,0.09058493368861695,0.01741471180062734,0.49359253494301203,0.1645421260635315,0.8165734265734266,0.01747603854919386,41.344039610000074,9.316033576635748
cat1_0_0,0.1,vanilla,0.11051666479138862,0.02190066376892101,0.01755140797535085,0.0011249302695314353,0.09296525681603773,0.021740575534048925,0.5106467323379895,0.15678244586834686,0.7913986013986014,0.02548888065166443,27.762193585000386,6.0915185677125665
cat1_0_0,0.15,gair-ransac,0.04086333882026252,0.001406892991547933,0.012740681784278379,0.0005321795030484662,0.028122657035984093,0.001192769530519083,0.11230144802257973,0.013973165080244033,0.9386880856760375,0.003238582697881167,106.55701592500063,46.64799489020894
cat1_0_0,0.15,gc-ransac,0.0466455401961345,,0.0219577794001592,,0.0246877607959753,,0.1308546051584916,,0.8299866131191432,,224.8535169999996,
cat1_0_0,0.15,lo-ransac,0.11719392541392235,0.020732258253473294,0.01683134950180721,0.0012821241122357723,0.1003625759121151,0.02033176697285277,0.5746665612833597,0.19625659449111876,0.8035475234270415,0.02479047248117217,46.72796702000014,12.155543805033297
cat1_0_0,0.15,vanilla,0.11899572740906068,0.013416136923795959,0.017623296672616796,0.0009849409844068563,0.10137243073644382,0.013828008844884106,0.5374014206779547,0.10197973000634826,0.773293172690763,0.021451021487603077,31.644137734999823,5.96725409723682
cat1_0_0,0.2,gair-ransac,0.04017599956722138,0.0016972905403904064,0.012635085883392466,0.0006283126065709511,0.027540913683828865,0.0013909479946076827,0.10739703475247273,0.010677543693658111,0.9342307692307692,0.0037689048487988073,94.24568634000006,30.76111021633078
cat1_0_0,0.2,lo-ransac,0.1095671849739646,0.018909297127656363,0.016973365588873253,0.0008146000456583804,0.0925938193850913,0.018442812800239464,0.4994359552011073,0.14112390759478946,0.7816666666666666,0.020496366545281437,41.67960743500007,7.706929076222989
cat1_0_0,0.2,vanilla,0.11730372160068199,0.017531653257100665,0.01786447095083052,0.0010546799033408483,0.09943925064985142,0.017102907212385915,0.5334913064256219,0.11172950808373053,0.7439102564102564,0.013277125113594851,31.551618760000018,6.228732348563249
cat1_0_0,0.25,gair-ransac,0.038035744313263856,0.0012699967836323155,0.012416068582039745,0.0005507947157021067,0.025619675731224062,0.0008501643000157252,0.09870039597667087,0.006626331037661599,0.9338669950738916,0.005071424195713743,90.44552948499987,29.417748721710034
cat1_0_0,0.25,gc-ransac,0.1247906478614174,,0.096527226159344,,0.0282634217020733,,0.3680227373908641,,0.5948275862068966,,159.51649980000002,
cat1_0_0,0.25,lo-ransac,0.11188520092063599,0.015661046559413735,0.017232617631340562,0.0009856684090408093,0.0946525832892954,0.015446044865195524,0.49776752383890355,0.13996556308246833,0.7612684729064039,0.02019370439131208,46.49142518499993,12.487339870132162
cat1_0_0,0.25,vanilla,0.11698910558995512,0.013002135586148728,0.017695926443088407,0.001051729580163151,0.09929317914686667,0.012687246294528024,0.5027220624928782,0.1022237729389283,0.7270320197044335,0.018480574849445902,33.09186270000028,5.346844547852919
cat1_0_0,0.3,gair-ransac,0.03886542502133211,0.002818571838152199,0.012982492564000924,0.0006940379755267809,0.025882932457331143,0.002472590698926313,0.10465094227762865,0.039008885098175135,0.9278698224852071,0.014188071388909634,78.9853826049999,43.76716773166965
cat1_0_0,0.3,lo-ransac,0.11840073347121383,0.017786219496031076,0.017202158703270166,0.000849147398171501,0.10119857476794361,0.017542027531372583,0.5371836012319303,0.14088622271096257,0.7402366863905325,0.01283527725494167,49.64529044999999,11.73174283167149
cat1_0_0,0.3,vanilla,0.12764045888530334,0.019062489086805332,0.017861179744602655,0.0008407684447701456,0.10977927914070063,0.019069929972756985,0.544706972048965,0.10285872838612932,0.7138461538461539,0.020056328109419735,36.98999547500007,5.983751450566617
cat1_0_0,0.35,gair-ransac,0.041072041660658316,0.002732149415854642,0.012315880979084605,0.0006088380172612038,0.028756160681573627,0.0024590587685326933,0.1252188715072617,0.01991024996481504,0.9326681870011402,0.003763191520925353,83.04843550999976,21.26935249345727
cat1_0_0,0.35,lo-ransac,0.13797415852227637,0.018018739901385996,0.017272341904973298,0.0009634749911771419,0.12070181661730303,0.017793887381572386,0.601095953310775,0.1542481189077511,0.7214937286202965,0.018138214956468158,55.01165303999951,12.870836275736062
cat1_0_0,0.35,vanilla,0.1397461149021505,0.014365812140622875,0.017774151616383755,0.000685430146122326,0.12197196328576669,0.014194130678566388,0.5974369258347275,0.07808319161423345,0.695667046750285,0.016802646549426332,37.766399064999675,6.297497792013967
cat1_0_0,0.4,gair-ransac,0.04189392550379632,0.001988115153473866,0.012462205666491161,0.000862842369513887,0.02943171983730513,0.001384074984090485,0.12524637620780088,0.010967330252152093,0.9166483516483517,0.0057629616989627415,80.4917741400006,18.681170484518795
cat1_0_0,0.4,gc-ransac,0.04669500250998945,0.0027427548639764672,0.0218548403403723,0.0008503352227328918,0.02484016216961715,0.0018924196412435825,0.13286622442236273,0.0006178277777106957,0.8021978021978022,0.004662242513317879,265.6878378000001,54.469217273478854
cat1_0_0,0.4,lo-ransac,0.13172751430653434,0.018666249854128937,0.017526445360238764,0.0007266457120860662,0.11420106894629552,0.01851561130391871,0.5676523747708881,0.16504257839772238,0.698076923076923,0.013766306071707805,54.46714954499985,10.542234537791641
cat1_0_0,0.4,vanilla,0.12957095641318922,0.013900046033770744,0.017577299810750104,0.0008447801701473519,0.11199365660243907,0.013660322912071431,0.5388077372335334,0.11688334670989624,0.686043956043956,0.013411901972629285,39.1559056849992,6.298981139188182
cat2_0_0,0.0,gair-ransac,0.07083240913665204,0.0035246584367438914,0.04911108934608389,0.0010683288318588072,0.02172131979056809,0.0036474786690502132,0.41990456243387425,0.010273611594426076,0.673859649122807,0.017998720208508984,174.48036035500007,64.64936973167762
cat2_0_0,0.0,lo-ransac,0.13820112470583273,0.022779106399838326,0.016600209513378695,0.0012783748723719387,0.12160091519245397,0.022019230381654608,0.5533900506543304,0.08801271386274884,0.8414035087719298,0.029053639675436727,57.35206628000124,14.391256434195016
cat2_0_0,0.0,vanilla,0.14291180040707444,0.020521468081555288,0.017568859247355004,0.0013189014471187406,0.1253429411597194,0.01962599713370775,0.539461695743898,0.06912978823665213,0.8057894736842105,0.027657984715343975,34.70833775999927,8.26275840976762
cat2_0_0,0.05,gair-ransac,0.07150129442500691,0.004568404727083987,0.04891162687499466,0.002296156015490745,0.022589667550012196,0.004197244302058581,0.4171947176425907,0.0137834760719403,0.6845317725752509,0.02045389733905884,184.4836134450008,48.30800847926959
cat2_0_0,0.05,lo-ransac,0.14620579991529722,0.020029343681812906,0.01685543541253392,0.0005118938929806548,0.12935036450276327,0.01992978150366928,0.5609375558076894,0.0762499350906535,0.8239966555183946,0.016905136135470313,59.24767432499975,10.996592453523053
cat2_0_0,0.05,vanilla,0.15038101074746263,0.017378944253438434,0.01775873977122207,0.0007542709271788869,0.1326222709762405,0.017128816401330037,0.5317720685987357,0.0645608675360294,0.7881270903010034,0.025701479033658048,41.39868964000052,7.101411920459976
cat2_0_0,0.1,gair-ransac,0.07839743048730588,0.029339047452466547,0.05775920899680399,0.027734490723541786,0.020638221490501846,0.0035026806228051067,0.4356040779269403,0.06271644091182574,0.6781499202551834,0.08092735229512196,180.3637965900005,45.79637510269679
cat2_0_0,0.1,lo-ransac,0.15337703579012557,0.012235500835683977,0.01723486593759678,0.000968586763509285,0.13614216985252875,0.012049475639951967,0.5615698423095944,0.06915264976643087,0.7960127591706538,0.023998315926029464,64.38376228999951,10.14842906754578
cat2_0_0,0.1,vanilla,0.16944692312537252,0.019329716277752804,0.018334292259503386,0.0011880324267612228,0.15111263086586907,0.019152582302066,0.5732486261667427,0.062013656885361604,0.7747208931419458,0.02603190822265701,42.275378679999264,7.518723658311207
cat2_0_0,0.15,gair-ransac,0.07591259664822944,0.012396119196987593,0.05263658257447949,0.011871071182440277,0.023276014073749903,0.003096020270444692,0.42262057468998276,0.01527242936156041,0.6845801526717558,0.04259399419587009,203.92889007499906,42.06071676487657
cat2_0_0,0.15,lo-ransac,0.14784359682899512,0.01518946837186097,0.01742598020695547,0.0009209414279373265,0.13041761662203963,0.015070663247337425,0.513444631425292,0.06666446486264901,0.7745038167938931,0.015467548112370336,63.151203244999486,12.91959900684359
cat2_0_0,0.15,vanilla,0.16447592024607996,0.02242356064695197,0.018107395025602335,0.0013360266449126564,0.14636852522047755,0.021411715819161112,0.5637965292206656,0.07529668370050387,0.7510687022900763,0.01981624416318271,44.79699837500048,7.841536513526993
cat2_0_0,0.2,gair-ransac,0.07339288099443206,0.006799879827501027,0.05162185870862782,0.0043293449192012765,0.021771022285804176,0.0032097441583571087,0.4156550425557694,0.009464181399620835,0.6880116959064327,0.05594580338891301,215.2030934600014,57.77846215653979
cat2_0_0,0.2,lo-ransac,0.16624659821351895,0.01765304204267046,0.017331381628694645,0.0007662043669716356,0.14891521658482426,0.01762151630991374,0.540980154263094,0.06126402848577879,0.7539473684210527,0.01655478585269403,71.99179319499926,12.594600040509015
cat2_0_0,0.2,vanilla,0.17122075082494514,0.017507317846743975,0.018448558747389734,0.0009068358147647426,0.15277219207755538,0.017262176787129893,0.5911062032605222,0.07655783625015242,0.7247807017543859,0.018073685015198238,47.01084296000008,7.099634283636257
cat2_0_0,0.25,gair-ransac,0.10736127616096051,0.03974855542210842,0.08145085524807165,0.036175886664523274,0.025910420912888817,0.006053649635239145,0.4716710302707994,0.07631494737491004,0.6436095505617978,0.09385518117569118,236.39163405500003,59.95476791817885
cat2_0_0,0.25,lo-ransac,0.16519854905616055,0.019052552068093715,0.017707925966066122,0.0006942075045193656,0.1474906230900944,0.0188423722348728,0.5414125508925021,0.08484961014983182,0.7407303370786517,0.02172203924627104,69.3006845449996,11.90466017592646
cat2_0_0,0.25,vanilla,0.17338697477878162,0.016104737815223816,0.018168024491491006,0.0009567793673831995,0.15521895028729057,0.015993005728161154,0.606503468277927,0.09333612730815351,0.7094803370786517,0.022039353127221183,48.11689203000024,7.385732892352362
cat2_0_0,0.3,gair-ransac,0.07162770812487583,0.004779793139397258,0.0509118182369641,0.003655279195621138,0.020715889887911676,0.0013292822629881143,0.4122311788356491,0.009948513639364236,0.7301619433198381,0.036552747100346436,215.28033506000065,41.15410227671918
cat2_0_0,0.3,lo-ransac,0.15570168319332367,0.01737322501591647,0.017112356422542104,0.0008040757217858452,0.13858932677078153,0.01729206306229211,0.5209217883682731,0.08623443085475213,0.7182186234817813,0.02003874593274693,78.89308970500024,10.580315123706573
cat2_0_0,0.3,vanilla,0.1724237115809807,0.013026291248564421,0.01854049491514472,0.0009483148887299088,0.15388321666583593,0.012836151655323137,0.5909643925274514,0.0928250166888004,0.688259109311741,0.018632846857478687,49.64376142000183,6.354986087278303
cat2_0_0,0.35,gair-ransac,0.09743335591435023,0.03241064791537871,0.07360598979293576,0.03135659609045115,0.02382736612141443,0.004936344609009307,0.45291302837661895,0.06971869296534182,0.661963589076723,0.07038244737920385,227.83810096499982,51.15206433186514
cat2_0_0,0.35,lo-ransac,0.163572079387205,0.016595571293908918,0.017424796648285813,0.0009265994150401952,0.1461472827389191,0.01628619836535796,0.5634148007366705,0.06754087099778118,0.6939531859557867,0.021903494047624632,75.95082890000086,13.925561281002922
cat2_0_0,0.35,vanilla,0.16999357401104934,0.017036837067605302,0.017479356078521573,0.0008662241537059495,0.1525142179325277,0.01677553519469903,0.6015710124392768,0.08883651557641956,0.6802340702210663,0.01846226188662617,53.91823017000097,6.499171394836645
cat2_0_0,0.4,gair-ransac,0.09816815776499976,0.037092435185333436,0.07382342524357195,0.03434437878387251,0.02434473252142776,0.007670708961602442,0.45036546852143566,0.07271761690095259,0.6726190476190477,0.07922783058457791,226.7631713450006,56.1051957366735
cat2_0_0,0.4,lo-ransac,0.16906256861458469,0.011706042057539494,0.017802413336287945,0.0011791608999611345,0.15126015527829667,0.011686078373234573,0.5487307608031243,0.05988957583313573,0.6817669172932331,0.023494943463293595,77.780113575,11.74337359628076
cat2_0_0,0.4,vanilla,0.17149725184098846,0.014314059043668555,0.017631944131773332,0.0008994295299798237,0.15386530770921508,0.01423173960686088,0.5499297353995282,0.05862409850991198,0.675,0.01610589390980135,54.49680051999967,7.819508501686212
peanuts_0_0,0.0,gair-ransac,0.05189800779174129,0.01025400595776977,0.01456880532364598,0.008483736264629132,0.03732920246809524,0.003967591344210194,0.1638300153956238,0.056331256258351114,0.934375,0.07338665251185016,51.77486630500025,78.75238189617482
peanuts_0_0,0.0,gc-ransac,0.053305285321881425,0.0007637865338978367,0.01892017253990936,0.00037082667981234746,0.03438511278197202,0.00043502938338210213,0.10418945178985976,0.0019002240977862167,0.876201923076923,0.005024223089996131,186.2549094200014,68.70560306396523
peanuts_0_0,0.0,lo-ransac,0.06359227810353124,0.008084679858845202,0.016438836577611828,0.0019942781610084175,0.04715344152591937,0.009916941368426224,0.1773541261858328,0.056244878968951466,0.9298076923076923,0.03975708952954779,29.598418365000544,18.910888052535203
peanuts_0_0,0.0,vanilla,0.062411903847826744,0.008212497398322183,0.016268533337860124,0.0020274578078292374,0.04614337050996656,0.01013040868246145,0.17440543252729676,0.06029797565983774,0.924639423076923,0.040339367303680235,14.128573950000646,6.3450389345267215
peanuts_0_0,0.05,gair-ransac,0.05205746150039241,0.0026696622237188457,0.01669712145295974,0.0044398078440221235,0.035360340047432624,0.0018974257489807727,0.12436671532541092,0.04445033105795224,0.9033256880733944,0.047398972858906215,87.78726568999919,56.239518943539885
peanuts_0_0,0.05,gc-ransac,0.053164098588963704,0.0007805877952163428,0.01882768807854764,0.0003859150330518439,0.03433641051041603,0.0004237103115963653,0.1039999140314862,0.0018777294763519894,0.8754587155963304,0.008487706556047128,165.00895559999952,46.518740502833005
peanuts_0_0,0.05,lo-ransac,0.06457267857368196,0.0030010060657388493,0.014796489511339536,0.00039161619463682756,0.04977618906234236,0.0028000106261738805,0.2283407528467638,0.020085040409913556,0.9358944954128441,0.007532873451796676,9.685961724999652,3.0706034621315736
peanuts_0_0,0.05,vanilla,0.06305472110363317,0.0035982675318819834,0.014467893561364121,0.0005671111566895373,0.04858682754226898,0.0036447326180967525,0.22287755686287794,0.02987047528718229,0.9333715596330275,0.008368623933777446,6.222928829999728,2.099637638534068
peanuts_0_0,0.1,gair-ransac,0.05161202631742905,0.0030352674414237534,0.01580110775391522,0.004876047765365613,0.035810918563513774,0.001995946985338254,0.13588412186256327,0.05000599749856466,0.9153172866520787,0.05105208286146925,146.95840587999882,99.40655038770204
peanuts_0_0,0.1,gc-ransac,0.053444960577038195,0.0006917362359983308,0.018998795849949936,0.0004088221730517276,0.03444616472708818,0.0003324799617324897,0.10406547468128809,0.0019169298782574706,0.861159737417943,0.0074956748238668505,146.92982844000034,36.63329626226518
peanuts_0_0,0.1,lo-ransac,0.0609305064464861,0.001709554866700533,0.01501736928554788,0.00041212943146866154,0.04591313716093816,0.0017250258317403743,0.15564691519919444,0.033086675390827124,0.9075492341356675,0.009782635920370979,12.732529714999327,5.587387755155174
peanuts_0_0,0.1,vanilla,0.060721256328796346,0.004222626960077786,0.014257312878303554,0.0005200609045415365,0.04646394345049275,0.004316545391497894,0.16677727692089256,0.05373754963860542,0.9013129102844639,0.006385519832517255,6.505100669999228,1.6433741684264858
peanuts_0_0,0.15,gair-ransac,0.05348188239241225,0.0007500733087389831,0.019002992795334614,0.0004548628823518379,0.03447888959707758,0.0003452609202669837,0.10406403077313749,0.0022465992980026505,0.868305439330544,0.004318209708229647,171.0055107100008,50.35048521469456
peanuts_0_0,0.15,gc-ransac,0.053083035344185146,0.000836195672839074,0.018761395300056005,0.0004954729825267547,0.0343216400441291,0.00037939661502238913,0.10328570119779608,0.0020021069141416903,0.8419456066945606,0.006384407313187129,122.1534501800008,30.983353833758574
peanuts_0_0,0.15,lo-ransac,0.06466108961515285,0.0019302982711845325,0.014751803627888823,0.0004199075408403768,0.049909285987263984,0.002111664742130701,0.17739748247845263,0.028889494170404463,0.8784518828451884,0.007735971770418318,8.486017454998727,5.55083543678734
peanuts_0_0,0.15,vanilla,0.06739554495447664,0.004601607838005152,0.01452270321315573,0.0005278903891797478,0.052872841741320856,0.004537804929906737,0.22028050061462795,0.06687399462644934,0.880857740585774,0.010591012680077444,4.395675919999485,1.1779643107529585
peanuts_0_0,0.2,gair-ransac,0.05282675310639021,0.0017208506949831447,0.017971695231297623,0.0029858296110120315,0.034855057875092535,0.0016862385218949282,0.114232496189268,0.03408492953212583,0.8864729458917836,0.029783028347051793,189.7690130649993,99.13158843755659
peanuts_0_0,0.2,gc-ransac,0.05293812441783115,0.0006455981715644821,0.018676312363972863,0.0003952056274847606,0.03426181205385824,0.0002967686754534457,0.10377608072506692,0.0019326558013914037,0.8440881763527054,0.005909186206321324,247.2433062750002,62.511645100134494
peanuts_0_0,0.2,lo-ransac,0.06522159426996801,0.0030202608654212094,0.015078693045449704,0.0004972920687567802,0.050142901224518276,0.0028257692180337786,0.2013419053340347,0.031340601242072545,0.8703406813627254,0.014467187659381077,23.710090504999243,7.4843614944178185
peanuts_0_0,0.2,vanilla,0.06489961405008773,0.004290992324494036,0.014819514691688105,0.0006563662665092958,0.05008009935839959,0.004468338662354562,0.19304080131504883,0.05778012639774421,0.8706412825651302,0.012480778206518828,17.68153561500003,4.269929158227835
peanuts_0_0,0.25,gair-ransac,0.05310797265602639,0.0007966597451255513,0.01882586696464,0.0004843753826869131,0.03428210569138633,0.0003716057019203219,0.10392802157317589,0.0016875614191779991,0.8771153846153845,0.005216430692984597,176.34476513000044,51.014323176582224
peanuts_0_0,0.25,gc-ransac,0.05298551792529761,0.000942099030422072,0.0187097941214646,0.00048820149422086043,0.034275723803832966,0.0004877146304786674,0.10416769158092327,0.0022829831309793573,0.8367307692307693,0.007815312091218864,208.28228193500036,37.19934522639927
peanuts_0_0,0.25,lo-ransac,0.06668077688022458,0.003804711028584883,0.01514442201547454,0.0006914263729494163,0.05153635486475,0.0034946677742669105,0.21384568632043796,0.036004652224205964,0.8526923076923077,0.013226696482655264,23.130226580000816,4.413434990146117
peanuts_0_0,0.25,vanilla,0.06530178760922742,0.004632384009466028,0.01488895090273148,0.0005785893726715223,0.05041283670649588,0.004475424531048709,0.19991407041395487,0.04528413668682726,0.8544230769230768,0.012696600917869436,18.215035399999397,2.9205972791182857
peanuts_0_0,0.3,gair-ransac,0.052950015100387104,0.0006234074188660484,0.018717976056039583,0.0004011466407992103,0.034232039044347476,0.00029548493977624114,0.10372607651932042,0.0018790202002655525,0.8899074074074074,0.006512041572185673,197.93719897500122,73.08451879018142
peanuts_0_0,0.3,gc-ransac,0.05289904408742504,0.0006905093477773462,0.018650651744173647,0.00042561373696048697,0.03424839234325133,0.00030716893489633295,0.10373313276548583,0.0018764696471462545,0.8471296296296297,0.006170483631009801,216.17535019499957,50.728048157789054
peanuts_0_0,0.3,lo-ransac,0.06984491028858125,0.0115877897048132,0.015045178757409,0.0007189732691366013,0.0547997315311722,0.01118564382306126,0.22578472436544644,0.06818593288732111,0.8537962962962963,0.01906101106462015,23.18293313000031,4.951355656876519
peanuts_0_0,0.3,vanilla,0.06598776483043187,0.0044378335782799495,0.014785587742511644,0.0006012220781332039,0.05120217708792015,0.004640738983845906,0.2261457588008326,0.05020558433463931,0.8453703703703704,0.018228726711173437,16.920208154999635,2.4094446653433224
peanuts_0_0,0.35,gair-ransac,0.052382919616858425,0.0016636198949188782,0.01738938229182426,0.003427291772201259,0.034993537325034116,0.001934586291155919,0.11926887820828128,0.0408598915575514,0.8950089126559714,0.02965821120785406,162.4789674550011,104.59421665625818
peanuts_0_0,0.35,gc-ransac,0.052829523746893245,0.000895534265643059,0.018576347799792885,0.00047805866551143785,0.034253175947100305,0.00046381142912098615,0.10390437625228555,0.001625187124144076,0.8303921568627451,0.004600355703585016,197.32103507499997,37.93540521395331
peanuts_0_0,0.35,lo-ransac,0.06908257771525549,0.005818093440919715,0.01478752337668699,0.0004844479480835853,0.054295054338568446,0.005677050449573735,0.20351987739297944,0.041402672821427046,0.8225490196078432,0.01780160727995624,20.49974009499929,6.395588753234181
peanuts_0_0,0.35,vanilla,0.07626571181232926,0.01744791945881287,0.01506612324559412,0.0005907041380456121,0.061199588566735075,0.017342635486543682,0.27148052364305586,0.11087152148294012,0.8035650623885917,0.02900078754192182,18.26843617000086,3.7988312004633196
peanuts_0_0,0.4,gair-ransac,0.05288328267376415,0.0037489564508991122,0.01656608642054895,0.003908858172568864,0.03631719625321516,0.0036165791866621475,0.13649926146916316,0.04975699203119294,0.9097079037800688,0.035426146321727914,156.9549726049998,100.88046044604053
peanuts_0_0,0.4,gc-ransac,0.05281831245630166,0.0004222311915867148,0.018622939041174746,0.000281553669651112,0.03419537341512687,0.0002295089465864,0.10355057185582824,0.002121962921337593,0.8261168384879726,0.006863803049721372,190.3054983950009,42.71274308512111
peanuts_0_0,0.4,lo-ransac,0.07470928917500816,0.014549353182919644,0.01505892806077421,0.00040896154304500903,0.05965036111423392,0.014679645503716249,0.23547487738605466,0.08975964665124443,0.8034364261168385,0.02651550535975537,18.994531075000488,5.313127150593203
peanuts_0_0,0.4,vanilla,0.0731237089365143,0.017678586862611062,0.01519743527777645,0.0006543017193971532,0.057926273658737815,0.017843670317278914,0.25185307150031744,0.12561020629723613,0.7883161512027491,0.027993249218848028,14.910811799999646,3.5536572509647977
supersingle0_0_0,0.0,gair-ransac,0.03678704536818529,0.0004905874754156659,0.012638947432521142,0.0002630381581834732,0.024148097935664074,0.00025816847221741965,0.052841547420417356,0.002859612316248272,0.9970000000000001,0.001376494403223409,7.009403944998849,1.3866848568851018
supersingle0_0_0,0.0,gc-ransac,0.03702669979228293,0.0007071935801762891,0.012731394705477262,0.0004300588743616946,0.0242953050868056,0.0003177889573230847,0.05411468802949053,0.0033943662725973225,0.9978,0.0015761378513048372,5.526059610000812,1.806350997923048
supersingle0_0_0,0.0,lo-ransac,0.03662223707144372,0.0001980139875992103,0.01254918239138952,9.755675222619104e-05,0.024073054680054117,0.00016741114654066427,0.05225181464359221,0.0029363408216185674,0.9967,0.0013416407864998722,4.013870174999829,1.8295176261537787
supersingle0_0_0,0.0,vanilla,0.03671095662958624,0.0005308644079722324,0.012546290662838425,0.00032096764694750405,0.024164665966747774,0.000232424267909786,0.052476293178410474,0.0021148941090361724,0.9971,0.0016511558949638008,1.6280624349998107,0.9259792603039498
supersingle0_0_0,0.05,gair-ransac,0.03706747829594231,0.0006740979666857251,0.01277313330242158,0.00036871071470585115,0.024294344993520664,0.0003210428421442366,0.05220111909944691,0.0028878165876550332,0.9955238095238096,0.0014193520388010345,10.195063459999073,3.070745853768345
supersingle0_0_0,0.05,gc-ransac,0.03740856274820654,0.0007578647403828217,0.01295313068715146,0.0004003113722794199,0.024455432061055035,0.0003774242751246886,0.05405690400434902,0.0024783665424641223,0.9905714285714285,0.002351192458994769,8.415344160001041,2.7574810779195973
supersingle0_0_0,0.05,lo-ransac,0.036889972366207655,0.00043769484055240375,0.012674956190167116,0.0002243977954321506,0.024215016176040514,0.00026523337230455635,0.053142254960629444,0.003743290544626311,0.9899999999999999,0.0019419920428882776,4.5798154750005775,1.931571798120755
supersingle0_0_0,0.05,vanilla,0.036812795222217504,0.0007361591523872874,0.012590026966043291,0.0004332270145799022,0.02422276825617415,0.000323294144321432,0.0538794528076577,0.004165438421764126,0.9900952380952381,0.0017036708399998115,2.687962820001121,1.2251954957665845
supersingle0_0_0,0.1,gair-ransac,0.03663110847402208,0.0003574886291016704,0.012500162963234829,0.00019564759515177884,0.024130945510787236,0.00018142463915317913,0.05355311794385218,0.0014266039816857288,0.9915454545454546,0.0017965216984874184,25.982680034999795,5.055020599968774
supersingle0_0_0,0.1,gc-ransac,0.03711007597484686,0.0007257956915977271,0.01275599771678827,0.0004200185232354373,0.024354078258058565,0.0003269656083768652,0.053040709043724724,0.0025800734496467907,0.9870000000000001,0.0015910799634825602,136.55140628499976,54.490620296512745
supersingle0_0_0,0.1,lo-ransac,0.03705574371683984,0.0004593480270532753,0.01273269701104729,0.0002451890232489123,0.024323046705792543,0.00025945828002913644,0.05320690839006879,0.0035275402583444253,0.9860909090909091,0.0012196734422725863,10.39062168499986,2.724575753149544
supersingle0_0_0,0.1,vanilla,0.036464034700680235,0.0004504083335363007,0.01240264276968868,0.00026396030605878545,0.024061391930991494,0.00020531525258054884,0.05251645566690376,0.0015875342976379543,0.9853636363636366,0.0013802811900295447,8.490006310000172,3.2654734496761937
supersingle0_0_0,0.15,gair-ransac,0.03679086051599323,0.00046644449191190113,0.01254498645467037,0.0002722429521293541,0.02424587406132276,0.0002091235595821055,0.05219856245221952,0.002158991402811343,0.992,0.0011835774737021102,14.720601420000458,4.185117712247654
supersingle0_0_0,0.15,gc-ransac,0.03709654349967891,0.0005867002447833616,0.0127594841350571,0.0003216626968256299,0.024337059364621737,0.00027428520021107974,0.05541491062680644,0.00251737404429983,0.9768695652173914,0.0024005438311982016,132.3466652350002,41.970884288124026
supersingle0_0_0,0.15,lo-ransac,0.03683916525248806,0.0004449941751237244,0.012626273571351241,0.00023927792780273704,0.024212891681136738,0.00020929882904470652,0.05595208865892004,0.002751056118492716,0.975217391304348,0.0015834182052179434,10.026257040000564,2.2390950392958535
supersingle0_0_0,0.15,vanilla,0.03647595136175354,0.0002479614054650342,0.01238856711147128,0.00020463772459567244,0.024087384250282225,0.0001288157224671637,0.05338489914156626,0.0037046873485403484,0.9744347826086959,0.003043805147531945,7.908954475001155,2.2309846210216455
supersingle0_0_0,0.2,gair-ransac,0.03669313192948729,0.0007106614925483592,0.012470464098069059,0.00042515226039537164,0.024222667831418146,0.00029165507983691647,0.053667451983758815,0.0023312689753200617,0.9905833333333334,0.0008156008082160559,22.84397786499976,5.472802634378285
supersingle0_0_0,0.2,gc-ransac,0.03656339916025872,0.0001774952636631836,0.012499235992640726,0.00016315210880086736,0.024064163167617985,9.292822904272461e-05,0.055885875157593454,0.0016908963980359272,0.9722500000000001,0.0012419330339509473,191.47646488000026,11.79157184023281
supersingle0_0_0,0.2,lo-ransac,0.043429660009484436,0.02135550353916041,0.01249397848680497,0.00011945504637334554,0.030935681522679455,0.021376535460142454,0.0831040684126104,0.09073170039115293,0.9663333333333334,0.015385874892213037,11.769097055001112,4.467052731821884
supersingle0_0_0,0.2,vanilla,0.03637301412025965,0.00036059191647025245,0.012373008125314925,0.00024801324599386026,0.024000005994944694,0.00015321139751171391,0.05491448031220673,0.004056718491849828,0.9704166666666667,0.003856906920597443,8.853473829999349,1.7092462454601671
supersingle0_0_0,0.25,gair-ransac,0.03710837288093831,0.000659437807595387,0.012753681906159326,0.00038934557753996066,0.02435469097477893,0.0003016065600152865,0.05364305633222195,0.003123188456188044,0.98552,0.0021070308368337613,20.791375944999164,6.074777616287765
supersingle0_0_0,0.25,gc-ransac,0.03651946519701454,0.0003168310133579673,0.01242927546644025,0.0001760355934027489,0.024090189730574203,0.00014981988215374202,0.052801196125593954,0.0021793881709326946,0.97216,0.0015915566692954874,200.14876486500143,13.934584667309194
supersingle0_0_0,0.25,lo-ransac,0.08784870171089285,0.020120645697145494,0.01233808474073132,0.00028201330442317494,0.07551061697016145,0.020139992853246677,0.3502583837240956,0.1227252324362925,0.91984,0.01869439544496242,22.670977154999854,6.134358387557605
supersingle0_0_0,0.25,vanilla,0.0961769949989393,0.014623850043549972,0.012270323065690225,0.00013885290492892015,0.08390667193324901,0.014575113936378042,0.4044126803988082,0.08876645531082787,0.916,0.006240107961279285,18.357955640000363,4.186622203168158
supersingle0_0_0,0.3,gair-ransac,0.036683045814855125,0.0005108745573862513,0.012517197205694516,0.00028908685822101485,0.0241658486091606,0.0002268277402830805,0.05718190119628763,0.0020629220276399862,0.9802307692307692,0.0011463997236471192,28.514044845000534,10.297606518120372
supersingle0_0_0,0.3,gc-ransac,0.03663211784375707,0.0004934048006612631,0.012484335821624745,0.0003175522973453243,0.02414778202213228,0.00021099901268706574,0.053219461761765674,0.0016043145787791925,0.9557692307692308,0.002050438423012178,198.96247044000012,18.115002625724323
supersingle0_0_0,0.3,lo-ransac,0.10399080678494976,0.007873719149393138,0.01237680175598763,0.0002002350664992316,0.09161400502896208,0.007823124468366747,0.3874443688245625,0.05516803926672445,0.8909230769230769,0.006842081307003582,21.368486910000136,4.302000461339351
supersingle0_0_0,0.3,vanilla,0.1039646134288583,0.009802724606586804,0.01227518077458126,0.00024588729365380166,0.09168943265427698,0.009815571859200588,0.3856507071857015,0.07941080507519592,0.8974615384615385,0.006474923479886343,18.31744400500029,3.8904301815792848
supersingle0_0_0,0.35,gair-ransac,0.03731796557125889,0.0007871566224505476,0.012954281430713529,0.00045804474977449743,0.0243636841405453,0.000339505432596246,0.052255582796020494,0.0016831322031154855,0.9784444444444444,0.0018287052458847899,26.699904485000296,4.167528837904775
supersingle0_0_0,0.35,gc-ransac,0.03646876422666666,0.0004384058432768301,0.012430203624574379,0.00030554273873540803,0.024038560602092255,0.00017914815627529724,0.052177286911792,0.0022356698223337784,0.9586666666666666,0.001512348994174921,226.7893481850002,20.445106044734782
supersingle0_0_0,0.35,lo-ransac,0.11252908275198281,0.011191839549883885,0.01241858502876916,0.0003203878829836852,0.1001104977232136,0.011220963879187923,0.4211841327339324,0.05866808042202778,0.8779999999999999,0.013086517831598829,27.319629055000405,9.889381907873032
supersingle0_0_0,0.35,vanilla,0.11737924577700984,0.015584068584877389,0.012354438364554184,0.00021934685374214638,0.1050248074124556,0.015616424388773155,0.4405478604086202,0.07453643549028936,0.8723703703703704,0.02331194291666822,18.016851430000315,6.050671151736336
supersingle0_0_0,0.4,gair-ransac,0.03659935639208785,0.000632079770845407,0.012420357344579705,0.00034572052493968237,0.024178999047508115,0.00030520941570288035,0.05373102993195135,0.0030215486609069028,0.9795714285714284,0.0008160579579678696,27.34619186500022,6.771853478042859
supersingle0_0_0,0.4,gc-ransac,0.03652656666193098,0.0004237093850368511,0.01242856152620255,0.00020175923743410046,0.02409800513572841,0.00023300003572483655,0.052919923873748706,0.0029341754363047647,0.9649285714285714,0.0015700609222822506,199.22716941999897,24.552682484307287
supersingle0_0_0,0.4,lo-ransac,0.11349349605400745,0.021626739441620003,0.012284015248273465,0.0004772575037267717,0.10120948080573393,0.02156123854206542,0.42529228425097465,0.10123339520231596,0.8603571428571428,0.031761311068237735,34.93401463500086,10.910088805512233
supersingle0_0_0,0.4,vanilla,0.12091384125101201,0.01646643073266177,0.012342367215462311,0.00029407635141229894,0.10857147403554965,0.01654584844161669,0.47795238351803865,0.08664518680310439,0.8674285714285714,0.023996956484428896,25.975264140000583,4.898173582475358
supersingle7_0_0,0.0,gair-ransac,0.0443582559913952,0.0,0.0155038702180266,0.0,0.0288543857733686,0.0,0.057379477071963,0.0,1.0,0.0,4.548993979999795,1.0484850888705675
supersingle7_0_0,0.0,gc-ransac,0.0443582559913952,0.0,0.0155038702180266,0.0,0.0288543857733686,0.0,0.057379477071963,0.0,1.0,0.0,1.594653589999507,0.26256834115183875
supersingle7_0_0,0.0,lo-ransac,0.0443582559913952,0.0,0.0155038702180266,0.0,0.0288543857733686,0.0,0.057379477071963,0.0,1.0,0.0,0.7551170950002415,0.14618063691516717
supersingle7_0_0,0.0,vanilla,0.04438528588312872,0.00012088135068122032,0.0155125391461832,3.876862530043941e-05,0.02887274673694552,8.211272538078116e-05,0.05736902002200217,4.6765349113078036e-05,1.0,0.0,0.40656037499938974,0.2246088440411882
supersingle7_0_0,0.05,gair-ransac,0.0445914584721835,0.0,0.015576081666841598,0.0,0.029015376805341896,0.0,0.05922980228232679,0.0,0.9980952380952381,0.0,4.684830939998937,1.340161794267163
supersingle7_0_0,0.05,gc-ransac,0.040593429176200665,0.0010740202623011376,0.01304901984916049,0.0007435608435650341,0.027544409327040147,0.0003441815094650264,0.05584644998008039,0.0007496386238948965,0.9893333333333333,0.0009573803618096221,3.0752176050013076,0.7120954970967214
supersingle7_0_0,0.05,lo-ransac,0.03973648190403668,0.0005921096259368867,0.01243582559014781,0.0004181228360625006,0.027300656313888838,0.00020855506757876965,0.05542079727985895,0.0006585575661235378,0.9896190476190474,0.0009722243533982022,0.9108692400001018,0.3745694823388679
supersingle7_0_0,0.05,vanilla,0.04268669078374267,0.002509648289519628,0.01437158631497753,0.0016204373256658781,0.0283151044687651,0.0009020345538355221,0.057371306734698556,0.001967723298279303,0.9910476190476191,0.001395609708695389,0.425796275000539,0.2026417012168021
supersingle7_0_0,0.1,gair-ransac,0.04466847449929072,0.0022046892405042755,0.015664126507769965,0.001410584548904896,0.029004347991520713,0.0008072943167212798,0.05773063570128251,0.0017361991642437268,0.990909090909091,0.0014449443895255094,8.101983165000274,2.446484283537328
supersingle7_0_0,0.1,gc-ransac,0.04268242086953863,0.0017608499045775477,0.014418374202754455,0.0011635901418868804,0.028264046666784122,0.0006121978178511298,0.05754800051122584,0.0016558922833245554,0.977909090909091,0.001796521698487443,14.368680034999489,6.663557389848944
supersingle7_0_0,0.1,lo-ransac,0.043818086759285155,0.0013787175001946789,0.015220358655006792,0.000909506769119075,0.028597728104278353,0.0004785038407106401,0.057515707074483856,0.0009416542533845455,0.9792727272727273,0.0010877146211202505,9.293267574999845,2.759897099966065
supersingle7_0_0,0.1,vanilla,0.04358970961391691,0.0017081651659722782,0.014961892125151541,0.0011035436106072829,0.028627817488765316,0.0006122153135614649,0.057606347877938134,0.0012447716942766097,0.9786363636363637,0.0014298136648309512,8.486015319999932,2.255248947991049
supersingle7_0_0,0.15,gair-ransac,0.03994106037413629,0.0013681594528233093,0.012542837953532022,0.0009066285460087247,0.027398222420604208,0.00047537467212570224,0.05544991378214873,0.0008349002205722405,0.9895652173913044,0.0,16.735589009999604,3.205823565272954
supersingle7_0_0,0.15,gc-ransac,0.04269426029417304,0.0025016070752688926,0.014384775641892514,0.0016023041397615315,0.028309484652280482,0.0009150804121191683,0.05688769641977558,0.0018399138996853415,0.9714782608695651,0.0011835774737021098,114.74688446499931,20.59862412126706
supersingle7_0_0,0.15,lo-ransac,0.04084285068204977,0.002500784533558825,0.01322061399236479,0.0015837348644352565,0.027622236689684925,0.0009258419390425499,0.05571475517083939,0.0008866892621986634,0.9707826086956521,0.0010705861065236218,5.963307219999843,1.9523841411073084
supersingle7_0_0,0.15,vanilla,0.04351438746339647,0.002102869325500367,0.014893286309981523,0.0012988619408498354,0.028621101153414923,0.0008152531583297835,0.05745146634658201,0.0015941832122770105,0.9726086956521739,0.002101778032623412,5.7913561799992745,1.7729943836640187
supersingle7_0_0,0.2,gair-ransac,0.04359023400624457,0.001372771949359083,0.014944550579166934,0.0009074005801227982,0.028645683427077538,0.0004746082791920243,0.05817962476214648,0.0016170029888094215,0.9890833333333333,0.0013759632458031665,15.918804899998577,4.547845679807952
supersingle7_0_0,0.2,gc-ransac,0.04256119708966203,0.0018482718573812602,0.014291574360198265,0.001229431018535651,0.028269622729463734,0.0006419902428159064,0.05719476342657642,0.0015890277114617856,0.9734166666666667,0.003220684246793519,169.28028991499886,45.314350480159945
supersingle7_0_0,0.2,lo-ransac,0.04090990559674643,0.001857429409209529,0.013266833138604158,0.0011450083615188568,0.02764307245814222,0.0007222065660190724,0.056188355151893535,0.001160876416171302,0.9711666666666667,0.0030155542196190002,8.861859715000538,2.4920321503417426
supersingle7_0_0,0.2,vanilla,0.046184508206120224,0.008965835197229608,0.01537334532833535,0.0009630744739398676,0.03081116287778483,0.008854864494063317,0.07059264593349203,0.05696451701760008,0.9704166666666667,0.011507371143891875,8.187064800000007,2.568541544403628
supersingle7_0_0,0.25,gair-ransac,0.044372142327297026,0.0012828036917907225,0.01539330383551899,0.0008099272347406873,0.028978838491778014,0.000477211635989668,0.05721496577597999,0.0010662590288597652,0.9876799999999999,0.0020171892899723113,45.06427711999932,16.54028330014507
supersingle7_0_0,0.25,gc-ransac,0.04467937435816988,0.0011218854242988584,0.01562982388657449,0.00067561126274301,0.029049550471595364,0.00045475689630377963,0.05843862804334721,0.001554176735622928,0.96688,0.0032042077598715543,238.95580681499922,25.009461272000767
supersingle7_0_0,0.25,lo-ransac,0.047075009102536154,0.00828721289541319,0.015376489242541796,0.0007603352530436849,0.03169851985999434,0.00851051701359584,0.07591398472714167,0.05722205854757329,0.9625600000000001,0.015411492635794806,10.421851449997849,4.34240580183274
supersingle7_0_0,0.25,vanilla,0.048108855171515585,0.01041077629399052,0.01568092698759779,0.00025815958496769336,0.032427928183917744,0.010452412654617932,0.07733405298077968,0.06178183567473371,0.96176,0.016158374071408913,8.94582274500026,4.656525035059016
supersingle7_0_0,0.3,gair-ransac,0.04389830114247541,0.000490226927778752,0.015160402308835636,0.00028976913260692067,0.028737898833639745,0.00020048992927877577,0.057004395310134424,0.0006161156474528953,0.9788461538461538,0.0008463378526464717,21.411223204999988,3.790507797493782
supersingle7_0_0,0.3,gc-ransac,0.044306838610188456,0.0008474368244975627,0.015366271976075211,0.0005075731956230866,0.028940566634113186,0.00035251926194545174,0.05718256411864379,0.0008505469570880129,0.9612307692307691,0.001971456232360623,211.08873293499929,23.1059734489123
supersingle7_0_0,0.3,lo-ransac,0.06995289500927666,0.01708366762243329,0.014360055845526035,0.00114266548893479,0.05559283916375056,0.01715081429654018,0.25788157889558827,0.13796026675299197,0.917,0.02550749305216587,16.943794539999725,5.497424184719639
supersingle7_0_0,0.3,vanilla,0.07947917243351134,0.014109294568328106,0.015365734151088457,0.0005319853355319271,0.06411343828242282,0.01413398947201213,0.3027597520335472,0.10603013683977153,0.9143846153846154,0.01698754742045459,15.60771638999977,3.961458524882132
supersingle7_0_0,0.35,gair-ransac,0.042744845156900566,0.0020667657302874945,0.014422390323135182,0.0012958345134457096,0.028322454833765325,0.0007822574278972935,0.0568926937770835,0.0017013765886647364,0.975925925925926,0.0014319195066047879,22.219510945000728,6.511974207515257
supersingle7_0_0,0.35,gc-ransac,0.04403874657864241,0.001761223560167421,0.01525883482468533,0.0011111725873082668,0.028779911753957006,0.0006538081694517005,0.05701291381743192,0.0013118331473469932,0.9460740740740741,0.004089815416115511,189.48482427500022,20.016100956410916
supersingle7_0_0,0.35,lo-ransac,0.08088344069431772,0.015214957173173086,0.013830058474118865,0.001515719391594675,0.06705338222019883,0.014394784401025467,0.3188263701978714,0.10621137411358894,0.8867407407407407,0.005142682950432564,21.9144935049997,6.557428657630901
supersingle7_0_0,0.35,vanilla,0.086754203764296,0.01210614137064676,0.01550626429961697,0.0004953268143778125,0.07124793946467899,0.012283421592364221,0.3465038197882574,0.07976901287267135,0.8800000000000001,0.01992839684093465,17.75750406000043,5.048105024423275
supersingle7_0_0,0.4,gair-ransac,0.041269445457671576,0.0020542167668096173,0.01347009999470509,0.0012764023091157554,0.027799345462966453,0.0007868669549209469,0.05664817621311328,0.0018352542139063338,0.9719999999999999,0.0016321159159356723,25.86064382999939,9.585343145060381
supersingle7_0_0,0.4,gc-ransac,0.044940580291664575,0.0009436631970854816,0.015801274062309113,0.000567388442699808,0.029139306229355393,0.0004001784808832036,0.05772491395429939,0.0009832739831783042,0.9468571428571428,0.005357268168960408,236.7212626249995,27.979785983718234
supersingle7_0_0,0.4,lo-ransac,0.08772737351411768,0.010917099091190279,0.014231773246511134,0.0012725665763651812,0.07349560026760651,0.010458719802446762,0.34046651149471474,0.07018233414785888,0.8662857142857142,0.02427199966579978,26.029305664999992,10.104400174470896
supersingle7_0_0,0.4,vanilla,0.08919827075615241,0.015963481525699305,0.01552753182401942,0.00048147077744856317,0.07367073893213297,0.015953301222408872,0.3376498381781483,0.09520826566530757,0.8724285714285716,0.020759478830931696,19.694990864999273,5.585508517989847
supersingle9_0_0,0.0,gair-ransac,0.04685807983328844,0.0005237588209629909,0.01635067235265472,0.00027769866192831354,0.030507407480633637,0.00024613187250751455,0.06400121402939249,0.0017227902272497818,0.9997,0.0007326950970650446,5.581995705000736,1.4926891998055396
supersingle9_0_0,0.0,gc-ransac,0.04691160076499867,0.0005889203891060939,0.01637072045071144,0.000310253655712813,0.030540880314287137,0.00028029174882179396,0.06393719255159562,0.0014680481483244068,0.9994999999999999,0.0008885233166386352,1.9130605799993645,0.5649315145840194
supersingle9_0_0,0.0,lo-ransac,0.04683796342256121,0.0006246275528947792,0.016358282396088455,0.0003333853901049592,0.030479681026472666,0.00030214000907919747,0.06440335968359819,0.0018711589724917954,0.9984999999999999,0.0019330913339165188,0.7542206399997667,0.1155651584836173
supersingle9_0_0,0.0,vanilla,0.047019550109122295,0.0005421449846581971,0.01650612835195649,0.0003463677080228172,0.030513421757165732,0.0002303674014716045,0.06287859919359083,0.002659221216721582,0.9978999999999999,0.0017740824166460544,0.36883955000012064,0.1673235282653392
supersingle9_0_0,0.05,gair-ransac,0.045926375047690725,0.002654086916529781,0.015737058507658542,0.0017036381670812136,0.030189316540032117,0.0009535901462429016,0.06155073602350203,0.0028565699810073984,0.9943809523809526,0.0011520101311034282,5.56417401500039,1.6572771621167441
supersingle9_0_0,0.05,gc-ransac,0.047602171190971515,0.0015194228410256006,0.016734923685795,0.0009517665699910649,0.030867247505176464,0.0005844634837731304,0.061818137415368825,0.0023330215632055024,0.9868571428571429,0.001220425286699318,3.3228698199993234,1.099466122753754
supersingle9_0_0,0.05,lo-ransac,0.04653707120256887,0.0015355036071849394,0.01606696508833583,0.0009879709632509843,0.03047010611423297,0.00056776010482424,0.06114182754053001,0.002422577336255502,0.9869523809523809,0.0016668456760292622,0.8751902050000353,0.2828730424231149
supersingle9_0_0,0.05,vanilla,0.04697700074164688,0.0012229704398823498,0.0164156359170733,0.0008127660370655114,0.03056136482457352,0.00043732622921388234,0.06334898716039984,0.003109389996894826,0.9858095238095238,0.001902253988065618,0.4486589300002379,0.24088947525080265
supersingle9_0_0,0.1,gair-ransac,0.046994215085215105,0.002040101397337282,0.01639888258586263,0.0012855957830317114,0.03059533249935245,0.0007679369234661023,0.061403320332227784,0.0016420359732167691,0.997090909090909,0.0009138630726363818,12.874317495000287,4.506920783922161
supersingle9_0_0,0.1,gc-ransac,0.04753765235791971,0.0010474738649749865,0.016730373332449856,0.0006712795337857538,0.030807279025469807,0.0004041466207998732,0.0620177857607719,0.0025167138082665174,0.9875454545454545,0.0020667419668518846,18.06660984000082,11.32122210733406
supersingle9_0_0,0.1,lo-ransac,0.04695167302966406,0.0014308472380220936,0.016402178803521496,0.0008952909984922019,0.030549494226142504,0.0005493779283838647,0.06105982999057615,0.002640728881053358,0.9877272727272729,0.001546720562224391,7.217959275000976,1.9513053202245696
supersingle9_0_0,0.1,vanilla,0.04744694896638136,0.0010533596211549613,0.01668028280696053,0.0006262382763007314,0.030766666159420773,0.00044164995156953325,0.06277880488541818,0.0028104494725018896,0.9854545454545456,0.0029494803841956904,6.713036165000813,2.985546104601826
supersingle9_0_0,0.15,gair-ransac,0.047845099868568566,0.001906206236172102,0.016933432182148135,0.001235824582774522,0.030911667686420376,0.0006788584773618423,0.06111929696672721,0.0020931753351177444,0.9880869565217392,0.002663049315829828,13.15749112000085,4.347787912976914
supersingle9_0_0,0.15,gc-ransac,0.04744740342502223,0.001172749235432645,0.01668847143686757,0.0007274147950049578,0.030758931988154613,0.0004538095428633372,0.06318442705808089,0.0027413011577860913,0.9726086956521739,0.005259176685472173,104.72909453999964,54.6883710296633
supersingle9_0_0,0.15,lo-ransac,0.04720399393000659,0.002680761128186969,0.01652379402233662,0.001709691060915352,0.03068019990766992,0.0009847210637983872,0.06149770538214193,0.0038342228876084017,0.9706086956521739,0.005554337190494379,8.619253970000136,2.0963198038835875
supersingle9_0_0,0.15,vanilla,0.047406895191432284,0.0011690724960334556,0.01666078662950793,0.0006799303094884726,0.030746108561924307,0.0005032053777653612,0.06244886665645708,0.0029204941218900935,0.9725217391304348,0.005065681419705116,8.263739864998934,2.0003176516752186
supersingle9_0_0,0.2,gair-ransac,0.04639114399181824,0.0026131500192625957,0.016029741174441225,0.0016945042020411673,0.03036140281737697,0.0009318825633392513,0.0614138437681798,0.0030780590952418697,0.9881666666666666,0.0022877758038441446,10.980798099999447,4.181806464121015
supersingle9_0_0,0.2,gc-ransac,0.04746317445748604,0.001483424394271266,0.016703325155388197,0.0008897995847170828,0.030759849302097825,0.0006117865637742764,0.06188333394081286,0.002984232355525644,0.9637500000000001,0.00290568106579862,222.54766862499963,22.29505775263284
supersingle9_0_0,0.2,lo-ransac,0.04686699355047976,0.00047610014759237514,0.016389486847978606,0.00024163224769271422,0.030477506702501118,0.00026559861592305553,0.06295533694907803,0.004046433702681271,0.9637500000000001,0.0026421571020753083,10.259752290000325,2.585654082037742
supersingle9_0_0,0.2,vanilla,0.047435151519416616,0.0011519620878759984,0.01666976384329433,0.000714852962144712,0.03076538767612224,0.00046129410869953413,0.06334292813932157,0.00413547201042877,0.9615,0.004648460727434712,9.350720605001333,2.5965049352214216
supersingle9_0_0,0.25,gair-ransac,0.04674337126391001,0.002616353339627727,0.01620099205146214,0.0016379318935991832,0.030542379212447825,0.0009908729903166653,0.06249521690555573,0.0038511070881942365,0.9897600000000001,0.003932911068621324,24.253097694999816,5.0454951201797185
supersingle9_0_0,0.25,gc-ransac,0.046993771961852185,0.0015225151597301066,0.016393140486851067,0.0009679421289052839,0.030600631475001066,0.0005829530032139684,0.06166002290674081,0.003217903949445583,0.96976,0.0030224423724426767,231.17115266500005,21.195824182383113
supersingle9_0_0,0.25,lo-ransac,0.04687989692367272,0.0018082220107520964,0.01626183877863093,0.0011786324942549616,0.03061805814504175,0.0006525273698228185,0.06253398138213054,0.0033385173183508926,0.96872,0.0034227720375527054,9.077929474998381,2.7354307551257784
supersingle9_0_0,0.25,vanilla,0.05027990085159786,0.013750974079799588,0.016512924414861553,0.0003917875199463914,0.03376697643673625,0.013713669065698326,0.07827455296979227,0.06300126498301367,0.96288,0.012879751550398798,9.008550399999876,3.859157882186149
supersingle9_0_0,0.3,gair-ransac,0.04717401900765031,0.0001680682002653786,0.016549027343433685,0.0001308668847632864,0.030624991664216616,3.851316994150576e-05,0.0633425759754439,0.0012245399889326365,0.985923076923077,0.0007528622845070195,19.65690349500037,8.133274210710463
supersingle9_0_0,0.3,gc-ransac,0.04727415629162783,0.0009904680233648122,0.016586172106276532,0.0006126356854113511,0.030687984185351253,0.00039069762249071687,0.06121434850653991,0.0020492330984702655,0.9645384615384616,0.004100117354056439,188.20840905000006,26.43950560830776
supersingle9_0_0,0.3,lo-ransac,0.07779487141348641,0.01806167470817325,0.016130799447152556,0.00043764189459210526,0.0616640719663338,0.018160883898632216,0.29006945811039797,0.130876023161492,0.9217692307692309,0.023593542497607707,18.249758680000014,6.146122571322308
supersingle9_0_0,0.3,vanilla,0.08028704444935178,0.020125963940974486,0.01616870678719892,0.0004238309859494891,0.06411833766215282,0.02030911498112231,0.31261956014897396,0.14989559114462223,0.9162307692307692,0.02784695907753814,16.1805155449998,4.295000637986589
supersingle9_0_0,0.35,gair-ransac,0.04688144071989318,0.0021918849810984914,0.016329123833017014,0.0014262341303069828,0.030552316886876107,0.0007760507808298763,0.06139917294914381,0.002028225623121429,0.9858518518518519,0.0013141351234415728,28.100867609999842,14.374474783092309
supersingle9_0_0,0.35,gc-ransac,0.04732731930404087,0.0007753507682978175,0.016640443699535122,0.00047477693451968684,0.03068687560450568,0.00032674689224924366,0.06229389190790513,0.0026846339265249267,0.9568148148148149,0.0019390764108897127,228.18006942000065,21.178992444672357
supersingle9_0_0,0.35,lo-ransac,0.09005044723976416,0.022422439483354237,0.01614897126517599,0.0006365469795552833,0.07390147597458814,0.022378900412856208,0.32032215635888933,0.1366850447435437,0.9031851851851851,0.02891646606975302,19.95586656500018,7.691895104317717
supersingle9_0_0,0.35,vanilla,0.10200600195993086,0.027288591221454328,0.01615154070557556,0.0006856375269927246,0.08585446125435524,0.02725969325468236,0.4389892425021992,0.17584990939960035,0.8990370370370371,0.02473990030205159,18.5798774649993,5.3266909491140355
supersingle9_0_0,0.4,gair-ransac,0.04673590583479732,0.00023674949623254268,0.016162171137072166,0.00020431780263486604,0.030573734697725074,6.396757687918213e-05,0.06177128597947673,0.0024396885234834235,0.9717857142857141,0.0013807795242260963,20.402761094999004,6.626278117207898
supersingle9_0_0,0.4,gc-ransac,0.04710209569759538,0.00033643366784931277,0.016489561285402084,0.00020496890659854212,0.03061253441219323,0.00018180746204883927,0.0627744992756625,0.0026651304913644243,0.9461428571428572,0.001859743696465016,242.49585342500032,22.410512397926578
supersingle9_0_0,0.4,lo-ransac,0.10270425252138074,0.013279275627403688,0.015992707451374218,0.000499392068843854,0.08671154507000649,0.013289207188067623,0.424612054355896,0.09309321514577586,0.8763571428571428,0.021533452605088592,33.28328384999986,10.980430034469817
supersingle9_0_0,0.4,vanilla,0.11357993932517448,0.018695979773952764,0.016033111744488647,0.0003327279050297905,0.09754682758068577,0.018715273427194104,0.5160001171921931,0.12262875637190983,0.8677142857142858,0.024373569527553818,23.3687578649995,5.580303024892168
