algo,noise_std,n_outliers,trial,chamfer,hausdorff,accuracy,runtime_s
gair-ransac,0.0,0,0,0.23920061301605228,0.5325062333637917,1.0,36.33982014656067
gair-ransac,0.0,0,1,0.23293902724102125,0.5102412469384926,1.0,34.20888018608093
gair-ransac,0.0,0,2,0.2361347410637624,0.9037845326296012,0.9998666666666667,38.07635998725891
gair-ransac,0.0,0,3,0.23536951811551843,0.6769181844065263,1.0,36.203171491622925
gair-ransac,0.0,0,4,0.23344966398321443,0.5416056585774234,0.9999333333333333,36.93569302558899
gair-ransac,0.0,2000,0,0.27595727868460695,0.9041682748501891,0.9999262295081968,42.75337529182434
gair-ransac,0.0,2000,1,0.26850089867036464,0.7282389648465919,0.9998852459016393,34.81005835533142
gair-ransac,0.0,2000,2,0.30400266477991916,0.5182209837629507,0.9999180327868853,40.76462483406067
gair-ransac,0.0,2000,3,0.2676010764226794,0.7194098782623671,0.9999098360655738,44.35781288146973
gair-ransac,0.0,2000,4,0.3244679034812381,0.6366936623562757,0.9999180327868853,42.947330474853516
gair-ransac,0.0,4000,0,0.2663863946826882,0.47747954280019733,0.9998225806451613,39.56992053985596
gair-ransac,0.0,4000,1,0.2682371291410321,0.7195240282178677,0.9997983870967742,45.105589389801025
gair-ransac,0.0,4000,2,0.29595275914598296,0.6366024177912436,0.9998629032258064,41.38545298576355
gair-ransac,0.0,4000,3,0.3179734833485116,0.5033304493264529,0.9998709677419355,43.757126569747925
gair-ransac,0.0,4000,4,0.3075122093977811,0.598061450725047,0.9998387096774194,37.92132782936096
gair-ransac,0.0,6000,0,0.2888635640232118,0.6361687566449493,0.9996904761904762,49.09029006958008
gair-ransac,0.0,6000,1,0.3086814845365238,0.4741856296327524,0.9997380952380952,43.31126403808594
gair-ransac,0.0,6000,2,0.2975443159288028,0.5984232542934058,0.9998492063492064,47.47382879257202
gair-ransac,0.0,6000,3,0.27257220790076375,0.6351810464233428,0.9996746031746032,40.62916302680969
gair-ransac,0.0,6000,4,0.27094983678991713,0.5594186100226486,0.9997380952380952,43.75564384460449
gair-ransac,0.0,8000,0,0.32219128790618545,0.5629832627873046,0.9996015625,44.016993045806885
gair-ransac,0.0,8000,1,0.27498050190040946,0.5590517793233173,0.9995625,47.267321825027466
gair-ransac,0.0,8000,2,0.2908570521549956,0.5167970535236761,0.999609375,44.6445837020874
gair-ransac,0.0,8000,3,0.30115274746134857,0.522377951856597,0.999734375,44.91390085220337
gair-ransac,0.0,8000,4,0.23850207915569405,0.8435253950927621,0.999640625,38.551955699920654
gair-ransac,0.1,0,0,0.23548675092448884,0.5252484047403263,0.9612333333333334,38.928617000579834
gair-ransac,0.1,0,1,0.23770892050818726,0.577538625985428,0.9633,41.431485414505005
gair-ransac,0.1,0,2,0.23620068116136017,0.4850870141394435,0.961925,36.08681583404541
gair-ransac,0.1,0,3,0.23170651667952996,0.6226627422629696,0.962125,38.09273624420166
gair-ransac,0.1,0,4,0.23058062610125665,0.5074331540978256,0.9618916666666667,40.82182836532593
gair-ransac,0.1,2000,0,0.23314418268546633,0.571626988646493,0.9620983606557377,42.534396171569824
gair-ransac,0.1,2000,1,0.24202742762648544,0.5618142055466515,0.9636229508196721,45.58112549781799
gair-ransac,0.1,2000,2,0.262121042902571,0.5335347439713668,0.963983606557377,47.81338572502136
gair-ransac,0.1,2000,3,0.23609958063290454,0.6314515743319223,0.9620409836065574,40.59635305404663
gair-ransac,0.1,2000,4,0.23165270950862704,0.8386218033298539,0.9615491803278688,42.92098617553711
gair-ransac,0.1,4000,0,0.24936824202346852,0.5763290386181713,0.9631935483870968,42.88090658187866
gair-ransac,0.1,4000,1,0.2621568620481919,0.5039779046263813,0.9636370967741935,46.13479232788086
gair-ransac,0.1,4000,2,0.25551757309204803,0.8879790117754929,0.9634032258064517,41.53157615661621
gair-ransac,0.1,4000,3,0.24127351168742,0.5064569113444352,0.9631774193548387,44.32446599006653
gair-ransac,0.1,4000,4,0.22298926391673377,0.4852724993562267,0.9629435483870967,38.24533462524414
gair-ransac,0.1,6000,0,0.23589037185226136,0.8244184162834928,0.9638968253968254,37.30833959579468
gair-ransac,0.1,6000,1,0.24562497756976445,0.5722049214900864,0.9639682539682539,43.269164085388184
gair-ransac,0.1,6000,2,0.25928530614562856,0.5601216856016666,0.9624365079365079,43.06277108192444
gair-ransac,0.1,6000,3,0.2527886762455227,0.645349776670111,0.962468253968254,40.526606798172
gair-ransac,0.1,6000,4,0.24377841531376643,0.6189856148199044,0.9643968253968254,37.18289518356323
gair-ransac,0.1,8000,0,0.24603601399990527,0.5245264805058775,0.9634765625,49.96680688858032
gair-ransac,0.1,8000,1,0.25456405905522606,0.5353168713061535,0.9636875,47.757673025131226
gair-ransac,0.1,8000,2,0.24299313469119946,0.7572659660826201,0.9649609375,49.59338331222534
gair-ransac,0.1,8000,3,0.2574378716345377,0.6264077439734522,0.9637890625,45.88402342796326
gair-ransac,0.1,8000,4,0.24984213976311487,0.5543164212239217,0.9633203125,50.40107202529907
gair-ransac,0.2,0,0,0.23776289158678793,0.7785214011169326,0.9111583333333333,54.39434838294983
gair-ransac,0.2,0,1,0.24688002469312015,1.015068218129743,0.9104333333333333,54.76525378227234
gair-ransac,0.2,0,2,0.24350636775203255,0.7161868018661534,0.9114333333333333,50.193533182144165
gair-ransac,0.2,0,3,0.24643095051291056,0.6285069145217765,0.909875,49.22988414764404
gair-ransac,0.2,0,4,0.2390430113860671,1.128092318735157,0.910675,52.83388090133667
gair-ransac,0.2,2000,0,0.24882306441377472,0.6741840815541202,0.9103442622950819,54.76704454421997
gair-ransac,0.2,2000,1,0.24922694012583102,0.7839204312083264,0.9115573770491803,55.48288130760193
gair-ransac,0.2,2000,2,0.2466905740644267,0.7007514755215868,0.909655737704918,51.08189797401428
gair-ransac,0.2,2000,3,0.24675302257651058,0.5938009332042514,0.9112622950819672,54.99574851989746
gair-ransac,0.2,2000,4,0.24725706918705997,0.8875044437512013,0.9103442622950819,45.9867308139801
gair-ransac,0.2,4000,0,0.2414616084736263,0.9724923097130682,0.9137016129032258,53.859476804733276
gair-ransac,0.2,4000,1,0.24797476430655901,0.7304128497273297,0.9138548387096774,55.52163314819336
gair-ransac,0.2,4000,2,0.2445751447323376,0.637972692170553,0.9119516129032258,55.92666411399841
gair-ransac,0.2,4000,3,0.24765126963713863,1.018610262431184,0.9119354838709678,60.50666069984436
gair-ransac,0.2,4000,4,0.24185360468911699,0.9478864385453164,0.9129354838709678,51.931498527526855
gair-ransac,0.2,6000,0,0.24190418777502332,0.6405208607103478,0.9158888888888889,51.899845123291016
gair-ransac,0.2,6000,1,0.24412675737718909,1.0830589235300594,0.9158809523809524,49.67872643470764
gair-ransac,0.2,6000,2,0.24057634929130303,0.85951138910096,0.914515873015873,50.66618323326111
gair-ransac,0.2,6000,3,0.2435593004911961,0.9615837003027772,0.9141031746031746,47.92228889465332
gair-ransac,0.2,6000,4,0.2551684875775022,0.9911849893601046,0.9136587301587301,45.05615234375
gair-ransac,0.2,8000,0,0.25686405937482215,0.8560198791546642,0.9125234375,53.310359954833984
gair-ransac,0.2,8000,1,0.25196863141715575,0.6350271663174062,0.914015625,56.74661111831665
gair-ransac,0.2,8000,2,0.2462523193523009,0.7817454125030995,0.9159375,54.09689521789551
gair-ransac,0.2,8000,3,0.2334333400718928,0.5126931945831337,0.9186875,48.65138220787048
gair-ransac,0.2,8000,4,0.24356037884593235,0.8686972344810663,0.914734375,59.74914264678955
gair-ransac,0.3,0,0,0.25948536430573577,1.4006379637677413,0.916425,90.44325566291809
gair-ransac,0.3,0,1,0.2588688736032714,1.801566976109039,0.9139083333333333,50.73170757293701
gair-ransac,0.3,0,2,0.25566454191806265,1.5517718563948322,0.91325,45.1735634803772
gair-ransac,0.3,0,3,0.2594080462792653,1.108800439884521,0.9152,77.00525975227356
gair-ransac,0.3,0,4,0.2600900780819382,1.6262715458494612,0.9149583333333333,45.78590703010559
gair-ransac,0.3,2000,0,0.2593456806445499,1.0559029388232672,0.9169836065573771,116.29624605178833
gair-ransac,0.3,2000,1,0.25857827813551293,0.710562378673025,0.9176803278688525,132.10741877555847
gair-ransac,0.3,2000,2,0.25439705001084234,1.50363231124214,0.9158606557377049,118.53072476387024
gair-ransac,0.3,2000,3,0.25514442752881383,1.0354929809751765,0.9187704918032787,143.53122663497925
gair-ransac,0.3,2000,4,0.2543256883526621,1.8543212962336406,0.9159016393442623,108.66872644424438
gair-ransac,0.3,4000,0,0.26281999841025505,1.5672511265405993,0.9164354838709677,128.46633195877075
gair-ransac,0.3,4000,1,0.2655234505315798,1.4289000463067925,0.9174032258064516,141.27964115142822
gair-ransac,0.3,4000,2,0.25192779162028656,0.7351396262161933,0.9180725806451613,105.66042590141296
gair-ransac,0.3,4000,3,0.2614188635017611,1.2152600037159171,0.9170725806451613,121.16358709335327
gair-ransac,0.3,4000,4,0.25439045368289237,0.9993696908541096,0.9179596774193548,122.53144264221191
gair-ransac,0.3,6000,0,0.25936987791819655,0.7766377958276214,0.9196984126984127,139.09165000915527
gair-ransac,0.3,6000,1,0.25929485628163845,1.2583850437499549,0.9187698412698413,117.51843905448914
gair-ransac,0.3,6000,2,0.2616869745327597,0.8078288346361047,0.9191507936507937,76.88550066947937
gair-ransac,0.3,6000,3,0.257669998673057,1.0555740375624487,0.9193730158730159,57.18653750419617
gair-ransac,0.3,6000,4,0.25698048383245586,1.6445771022839135,0.9192936507936508,99.58193325996399
gair-ransac,0.3,8000,0,0.261750297277749,1.2006531195555177,0.9204140625,103.44050645828247
gair-ransac,0.3,8000,1,0.25322869511153256,0.9835018514538917,0.9216640625,116.41718006134033
gair-ransac,0.3,8000,2,0.2588007929581221,1.2757031655700812,0.9201875,52.039385080337524
gair-ransac,0.3,8000,3,0.25644063439933806,1.3897016849291535,0.9193203125,46.879016399383545
gair-ransac,0.3,8000,4,0.25801300342804134,0.6835219327304293,0.9196328125,43.97886848449707
gair-ransac,0.4,0,0,0.2791750859284931,1.6903449079435793,0.9179083333333333,56.3705370426178
gair-ransac,0.4,0,1,0.27094501913563274,0.7270552461406806,0.9179416666666667,54.1974835395813
gair-ransac,0.4,0,2,0.2871218062769658,1.6237739302376402,0.9163583333333334,50.048835039138794
gair-ransac,0.4,0,3,0.2730532859613505,1.6695528534508377,0.9181916666666666,55.10559678077698
gair-ransac,0.4,0,4,0.2662707279690729,1.0077461578223397,0.9204333333333333,49.81358766555786
gair-ransac,0.4,2000,0,0.2755893497849772,1.5114736537251816,0.9182459016393443,53.44488286972046
gair-ransac,0.4,2000,1,0.2813130893444965,1.4818884214935872,0.920016393442623,51.84793257713318
gair-ransac,0.4,2000,2,0.2821260389355531,1.5026164314154518,0.9203934426229509,46.895134925842285
gair-ransac,0.4,2000,3,0.2797258272199301,1.59943530854864,0.9196475409836066,52.443416357040405
gair-ransac,0.4,2000,4,0.2889529728250841,1.8284352596726623,0.9197950819672132,64.09154224395752
gair-ransac,0.4,4000,0,0.27626341494531653,1.1017011567291188,0.9216451612903226,40.66678762435913
gair-ransac,0.4,4000,1,0.28261529616701825,1.2606546060215842,0.9206209677419355,48.95821237564087
gair-ransac,0.4,4000,2,0.2774722772897921,1.2130019158832732,0.9213951612903226,45.68888807296753
gair-ransac,0.4,4000,3,0.2747820289859598,1.6213741039802017,0.9218951612903226,48.14951419830322
gair-ransac,0.4,4000,4,0.2824034746883093,1.2464959509544384,0.9203064516129033,47.1189866065979
gair-ransac,0.4,6000,0,0.28342931575683417,0.7889489440710031,0.9218333333333333,51.976557970047
gair-ransac,0.4,6000,1,0.28434457641174665,1.1280724651349059,0.9211666666666667,47.70492148399353
gair-ransac,0.4,6000,2,0.2737681969926317,1.1649785855299917,0.9220952380952381,51.775320291519165
gair-ransac,0.4,6000,3,0.28025364941877506,0.953865622947346,0.9213571428571429,45.72798681259155
gair-ransac,0.4,6000,4,0.28297601806944583,1.6601069845865764,0.9228888888888889,60.405625343322754
gair-ransac,0.4,8000,0,0.2768415406967669,1.4769828291585614,0.9230703125,47.478480100631714
gair-ransac,0.4,8000,1,0.28107955172353016,1.2639624348071872,0.9225,46.45607042312622
gair-ransac,0.4,8000,2,0.2699635698093044,1.5733640533645659,0.9234765625,51.34318566322327
gair-ransac,0.4,8000,3,0.2705140818470386,1.7331429621355574,0.9228671875,62.66702055931091
gair-ransac,0.4,8000,4,0.27911555306429225,2.020561055690382,0.9231328125,57.95093297958374
ransac,0.0,0,0,0.23529140566470846,0.5276729257132735,1.0,36.94204354286194
ransac,0.0,0,1,0.23331125934799957,0.5040458008291839,1.0,39.48013973236084
ransac,0.0,0,2,0.23556169518748868,0.9029125549278464,1.0,41.79589343070984
ransac,0.0,0,3,0.23376139893822548,0.7105764333599243,1.0,40.52651858329773
ransac,0.0,0,4,0.23880943340156452,0.47747465840203535,1.0,40.079495906829834
ransac,0.0,2000,0,0.2891848031601443,0.7470427795313883,0.9998524590163934,37.15821933746338
ransac,0.0,2000,1,0.258773570603117,0.6908758433336887,0.999827868852459,39.77971148490906
ransac,0.0,2000,2,0.28711633288278726,0.46283300937759014,0.9998606557377049,47.84373641014099
ransac,0.0,2000,3,0.2524065478132076,0.7493637030769891,0.9998524590163934,41.912612199783325
ransac,0.0,2000,4,0.2947817675691006,0.637411072745974,0.999827868852459,42.65220093727112
ransac,0.0,4000,0,0.313110348823315,0.5531689127930101,0.9995967741935484,49.65011382102966
ransac,0.0,4000,1,0.2737353846581576,0.7499792362025649,0.9996693548387097,46.99319362640381
ransac,0.0,4000,2,0.281350605600392,0.6218552474975263,0.9997741935483871,41.333024740219116
ransac,0.0,4000,3,0.32606560630189985,0.5641340274702793,0.9997177419354839,49.960968255996704
ransac,0.0,4000,4,0.26404375993175555,0.5054476564473878,0.9996854838709678,41.8971848487854
ransac,0.0,6000,0,0.2594799532295402,0.634113650122718,0.999531746031746,46.66555738449097
ransac,0.0,6000,1,0.2692645580903512,0.544748617782088,0.9994920634920635,42.5201153755188
ransac,0.0,6000,2,0.3161854946107084,0.5981759603659601,0.9996190476190476,45.105355739593506
ransac,0.0,6000,3,0.2773708755265358,0.5545858415613393,0.9994126984126984,42.107163190841675
ransac,0.0,6000,4,0.2930141952261954,0.49127899080130655,0.9995,41.73486924171448
ransac,0.0,8000,0,0.2832313739308706,0.5693882290863259,0.9993984375,47.26872158050537
ransac,0.0,8000,1,0.3280221149417412,0.5287341530227166,0.999296875,52.45888876914978
ransac,0.0,8000,2,0.3152302656175111,0.5087293898808206,0.9993671875,54.481799840927124
ransac,0.0,8000,3,0.315687827667341,0.5531249992818321,0.9994296875,51.70182394981384
ransac,0.0,8000,4,0.28606019989446557,0.8114929848583567,0.99940625,44.83362340927124
ransac,0.1,0,0,0.23389050393879993,0.5752418815284296,0.9740666666666666,55.31807065010071
ransac,0.1,0,1,0.23371337349884014,0.6078989345584339,0.9746083333333333,55.993950843811035
ransac,0.1,0,2,0.23910930035011493,0.8958537874995968,0.9709583333333334,51.74136424064636
ransac,0.1,0,3,0.24286555372361082,0.7307686938280413,0.9727416666666666,49.398451805114746
ransac,0.1,0,4,0.23779601213267237,0.5334110097929035,0.97365,51.32720446586609
ransac,0.1,2000,0,0.23289074434815749,0.752726252328222,0.9743606557377049,53.18692231178284
ransac,0.1,2000,1,0.2427856453960844,0.5669027606402529,0.9741311475409836,57.27040338516235
ransac,0.1,2000,2,0.26240054674113644,0.5824252918699031,0.9743114754098361,50.31341552734375
ransac,0.1,2000,3,0.24581961880269226,0.6538759190566871,0.974327868852459,59.89666509628296
ransac,0.1,2000,4,0.24015881530399003,0.9019514037118692,0.9724754098360656,60.676690340042114
ransac,0.1,4000,0,0.24360928503668783,0.7536583131907078,0.9742258064516129,47.278465032577515
ransac,0.1,4000,1,0.2407773514703918,0.7878572111943164,0.9745967741935484,55.69824934005737
ransac,0.1,4000,2,0.24887291972644057,0.7300657478033264,0.9738629032258065,56.88277626037598
ransac,0.1,4000,3,0.24876443478921637,0.5245837753251915,0.9744838709677419,47.400145292282104
ransac,0.1,4000,4,0.24699702251113875,0.5910256494270676,0.9749112903225806,58.498056411743164
ransac,0.1,6000,0,0.2442657697282309,0.756539831779829,0.9731984126984127,59.86879897117615
ransac,0.1,6000,1,0.25089359571473274,0.7758109879109968,0.9745952380952381,53.60253024101257
ransac,0.1,6000,2,0.26166913646729906,0.6631999641174213,0.9740238095238095,62.229954957962036
ransac,0.1,6000,3,0.2266798282296031,0.5536855360072834,0.9753253968253969,48.06851148605347
ransac,0.1,6000,4,0.26184779122639434,0.6310145503572783,0.9752222222222222,54.50300621986389
ransac,0.1,8000,0,0.2564327049386238,0.6017321478912931,0.9752578125,51.43339252471924
ransac,0.1,8000,1,0.2612000194668027,0.6702472124830361,0.974875,58.23141360282898
ransac,0.1,8000,2,0.25934603754686647,0.6658529879253716,0.9754375,57.56543803215027
ransac,0.1,8000,3,0.24653718440762956,0.5463144324108373,0.9756171875,66.5934910774231
ransac,0.1,8000,4,0.25943570761344936,0.7560333427349414,0.97371875,58.97362756729126
ransac,0.2,0,0,0.2761140868328239,1.371081539463531,0.9193333333333333,59.71045660972595
ransac,0.2,0,1,0.260844793980301,1.1762450018370152,0.9215,76.06920886039734
ransac,0.2,0,2,0.2686236972668887,1.0815874550179387,0.9191583333333333,60.433884382247925
ransac,0.2,0,3,0.2698262146227623,1.7324211227715558,0.9179416666666667,60.12025547027588
ransac,0.2,0,4,0.2760434121450608,1.6149398837478943,0.9168833333333334,63.141937255859375
ransac,0.2,2000,0,0.2564143433573989,0.8039197220648342,0.9236639344262295,73.03208804130554
ransac,0.2,2000,1,0.26255279633533757,0.8488015647326782,0.9208114754098361,66.64316821098328
ransac,0.2,2000,2,0.2873747798365938,1.7673779648767642,0.9157459016393442,60.86169362068176
ransac,0.2,2000,3,0.2649018812224687,0.9289882152853686,0.921188524590164,63.5495765209198
ransac,0.2,2000,4,0.2632230622517897,0.8969922015295092,0.9226229508196722,65.33332085609436
ransac,0.2,4000,0,0.2750223766685056,1.2625722133522201,0.9197580645161291,83.0657787322998
ransac,0.2,4000,1,0.25943679569491096,0.7440797865007944,0.9219193548387097,68.1795346736908
ransac,0.2,4000,2,0.2591311167580461,0.7953804560530034,0.9228387096774193,67.93441104888916
ransac,0.2,4000,3,0.27839235099394716,1.618443640279904,0.9207983870967742,72.16452360153198
ransac,0.2,4000,4,0.2478366055252289,0.5744594839744792,0.9229112903225807,72.15424728393555
ransac,0.2,6000,0,0.26163656007508784,0.9452344596930605,0.9251031746031746,75.75418853759766
ransac,0.2,6000,1,0.29228391656551655,1.446847661618597,0.9189444444444445,54.77496337890625
ransac,0.2,6000,2,0.2609837049131487,0.8087793540802133,0.9263968253968254,66.68883562088013
ransac,0.2,6000,3,0.2688576611110354,1.2373125978461201,0.9227777777777778,83.28033685684204
ransac,0.2,6000,4,0.26862943570153874,1.5834322553134257,0.9225793650793651,64.76510787010193
ransac,0.2,8000,0,0.2725725274010321,1.190674780970686,0.922390625,55.60657978057861
ransac,0.2,8000,1,0.2898926700183757,1.4649766255380632,0.920640625,64.37582182884216
ransac,0.2,8000,2,0.2650673967647273,1.0881868853664602,0.9249765625,150.38553428649902
ransac,0.2,8000,3,0.28175235969664253,1.6593564843769626,0.9223828125,156.95666241645813
ransac,0.2,8000,4,0.2772137869203636,1.5275864656244607,0.92259375,118.49521231651306
ransac,0.3,0,0,0.32627738027933123,1.705244830620253,0.9266083333333334,80.07887411117554
ransac,0.3,0,1,0.3364434625560556,1.7131368734630612,0.9250833333333334,100.24829602241516
ransac,0.3,0,2,0.30130839139008847,1.2653403314309608,0.9280416666666667,137.3999719619751
ransac,0.3,0,3,0.33234829779437014,1.6634632713757247,0.9266166666666666,129.76635932922363
ransac,0.3,0,4,0.3629948240278899,2.039210509800904,0.922775,151.8404519557953
ransac,0.3,2000,0,0.323615689171434,1.6990793313427577,0.9297295081967213,126.64093160629272
ransac,0.3,2000,1,0.31240005773416457,1.6015876447959478,0.9296393442622951,157.86657214164734
ransac,0.3,2000,2,0.3313480387287239,2.0701549002558663,0.9265,144.19346594810486
ransac,0.3,2000,3,0.31875962482442755,1.7880936538014172,0.9284426229508197,120.29973340034485
ransac,0.3,2000,4,0.3171755443621206,1.6569668394498849,0.9267049180327869,139.59137153625488
ransac,0.3,4000,0,0.3290727047937583,2.1038225616195465,0.9278145161290322,121.24184894561768
ransac,0.3,4000,1,0.3163440192478641,1.5147424047526332,0.9286612903225806,173.45928597450256
ransac,0.3,4000,2,0.33978986154969465,2.067664426057339,0.9264758064516129,129.9302623271942
ransac,0.3,4000,3,0.3200006888464952,1.9809777296015787,0.928266129032258,99.85152864456177
ransac,0.3,4000,4,0.33631049178283,1.8523539296507618,0.9269274193548387,113.56884026527405
ransac,0.3,6000,0,0.305816322090292,2.970646853130624,0.9283571428571429,144.70671153068542
ransac,0.3,6000,1,0.346441718776004,2.661217749644174,0.9251904761904762,145.05627489089966
ransac,0.3,6000,2,0.3165747036895695,1.7974637951469457,0.9299047619047619,132.70024752616882
ransac,0.3,6000,3,0.32501283987985174,1.723419211399903,0.929515873015873,151.33106231689453
ransac,0.3,6000,4,0.3251855066889876,1.879998112159733,0.9279047619047619,171.72817158699036
ransac,0.3,8000,0,0.32949325371994675,1.7711954102781966,0.9305234375,65.89091110229492
ransac,0.3,8000,1,0.30492935391951825,1.311371744265108,0.932203125,68.17959523200989
ransac,0.3,8000,2,0.3168327869593631,1.7078481651986475,0.9301484375,74.58623266220093
ransac,0.3,8000,3,0.31033965209847725,1.9222785209264703,0.9311796875,64.56575393676758
ransac,0.3,8000,4,0.30330991821159614,1.547020172806452,0.9334921875,64.4352478981018
ransac,0.4,0,0,0.40664932954997246,2.0224886198972216,0.9306166666666666,73.86423873901367
ransac,0.4,0,1,0.4297426887015745,2.630375692345773,0.9288833333333333,75.51141405105591
ransac,0.4,0,2,0.3813471634805088,2.0425439971217867,0.9323666666666667,48.50608849525452
ransac,0.4,0,3,0.3924420872931673,1.7959147359617578,0.9353166666666667,73.48070931434631
ransac,0.4,0,4,0.46037477495266677,2.436658228030837,0.926675,64.07296347618103
ransac,0.4,2000,0,0.41777045255664114,1.8620727397655745,0.9316803278688525,59.06979751586914
ransac,0.4,2000,1,0.3971456960119152,2.3127321533522602,0.9339672131147541,51.91624855995178
ransac,0.4,2000,2,0.42594341498076305,2.674046559245705,0.9331885245901639,68.34514784812927
ransac,0.4,2000,3,0.3838197551223034,1.9261284609821547,0.9335409836065574,65.86756443977356
ransac,0.4,2000,4,0.3754058682225169,2.3703450108545523,0.9336885245901639,63.98288178443909
ransac,0.4,4000,0,0.3734294427097974,2.4157642953074916,0.9359596774193548,64.23142504692078
ransac,0.4,4000,1,0.37345530690449447,1.7758997225810753,0.9348306451612903,62.50628995895386
ransac,0.4,4000,2,0.4479405732166607,2.0817545610549812,0.928733870967742,53.50069713592529
ransac,0.4,4000,3,0.36369384141266314,1.7630514882592796,0.9365887096774194,73.42388701438904
ransac,0.4,4000,4,0.4410629143250092,2.194189982007342,0.9302096774193548,55.47024893760681
ransac,0.4,6000,0,0.42378682770891946,2.0642217829743106,0.9332142857142857,61.39022135734558
ransac,0.4,6000,1,0.4258799253937965,1.8933485242666246,0.934063492063492,83.99920225143433
ransac,0.4,6000,2,0.3636086705794642,1.3177343590715347,0.9371269841269841,60.230684995651245
ransac,0.4,6000,3,0.4078341509533562,2.1396161895531027,0.9344920634920635,68.01939749717712
ransac,0.4,6000,4,0.36521406307853,2.1731402838410556,0.9363412698412699,71.17252516746521
ransac,0.4,8000,0,0.42908827003884986,1.6714287097150962,0.93325,71.60314846038818
ransac,0.4,8000,1,0.4162025305483102,1.7955315619491397,0.9318203125,71.01749205589294
ransac,0.4,8000,2,0.36245234795642106,2.4951298830975555,0.9371875,65.07260179519653
ransac,0.4,8000,3,0.3980580828780045,2.540914089270346,0.93453125,86.49715518951416
ransac,0.4,8000,4,0.3684729321576106,1.8714015459289512,0.936421875,76.83550190925598
